seed,t,epsilon_fraction,epsilon_absolute,native_state_norm_mean,native_response_norm_pair_mean,temporal_response_norm_pair_mean,cross_time_radius_response_norm_pair_mean,same_time_radius_response_norm_pair_mean,direction_response_norm_pair_mean,pair_D_temporal,pair_R_temporal,pair_cos_temporal,pair_D_cross_time_radius,pair_R_cross_time_radius,pair_cos_cross_time_radius,pair_D_same_time_radius,pair_R_same_time_radius,pair_cos_same_time_radius,pair_D_direction,pair_R_direction,pair_cos_direction,meanop_D_temporal,meanop_R_temporal,meanop_cos_temporal,meanop_D_cross_time_radius,meanop_R_cross_time_radius,meanop_cos_cross_time_radius,meanop_D_same_time_radius,meanop_R_same_time_radius,meanop_cos_same_time_radius,meanop_D_direction,meanop_R_direction,meanop_cos_direction,meanop_native_norm,meanop_temporal_norm,meanop_cross_time_radius_norm,meanop_same_time_radius_norm,meanop_direction_norm,pair_R_cross_minus_same,pair_cos_same_minus_cross,convergence_rel_half_mean,convergence_rel_double_mean,numerically_stable_10pct,effective_rank_meanop,anisotropy_s1_over_mean_s,symmetric_fraction_meanop,antisymmetric_fraction_meanop,top4_left_subspace_alignment
43,0,0.001,0.002252492904663086,2.243661642074585,3.2287685871124268,2.956038475036621,2.9098618030548096,3.2289352416992188,3.2287685871124268,2.028717279434204,0.6544251441955566,0.7788805961608887,2.4344406127929688,0.7928182482719421,0.6876643896102905,2.3330328464508057,0.7247397899627686,0.7368441224098206,4.474327087402344,1.3855326175689697,0.03974677994847298,0.5831124782562256,0.22871914505958557,0.9885486364364624,0.7198129892349243,0.277700275182724,0.9705944061279297,0.027611657977104187,0.009966742247343063,0.9999511241912842,3.819220542907715,1.3794243335723877,0.04859436675906181,2.7687060832977295,2.330232620239258,2.4153943061828613,2.7720530033111572,2.7687060832977295,0.0680784285068512,0.04917973279953003,0.00017991535423789173,9.735903586260974e-05,True,8.947211265563965,3.086914300918579,0.9109731912612915,0.4124656915664673,0.9830722808837891
43,1,0.001,0.002252492904663086,2.106769561767578,2.995288372039795,2.973505973815918,3.097951889038086,2.9944498538970947,2.995288372039795,1.7704073190689087,0.5927415490150452,0.7926465272903442,2.3203394412994385,0.7612636685371399,0.7061890959739685,2.3305277824401855,0.7771044373512268,0.6864010095596313,4.126675128936768,1.3776510953903198,0.050673600286245346,0.18919740617275238,0.07863799482584,0.997800886631012,0.328513503074646,0.12841343879699707,0.9948927164077759,0.03641461208462715,0.014811431057751179,0.9998912811279297,3.361527681350708,1.3682596683502197,0.0639326423406601,2.4567906856536865,2.3550665378570557,2.6597063541412354,2.4603049755096436,2.4567906856536865,-0.015840718522667885,-0.019788086414337158,0.00020109380420763046,0.00010619302338454872,True,8.997395515441895,3.063551425933838,0.9114623069763184,0.41138359904289246,0.9972966313362122
43,2,0.001,0.002252492904663086,2.3607428073883057,2.9471468925476074,2.986633062362671,2.9698917865753174,2.9499926567077637,2.9471468925476074,1.6672881841659546,0.5625478625297546,0.8091802597045898,2.3804664611816406,0.8029877543449402,0.6678463220596313,2.283961534500122,0.7727150321006775,0.6875384449958801,4.0506205558776855,1.3745876550674438,0.05494045838713646,0.24360045790672302,0.10240353643894196,0.9948435425758362,0.17470459640026093,0.07269442826509476,0.9973844289779663,0.03141463175415993,0.013105102814733982,0.9999164938926697,3.2700083255767822,1.3656221628189087,0.06753810495138168,2.394519090652466,2.363138198852539,2.4120283126831055,2.39974045753479,2.394519090652466,0.030272720381617546,0.01969212293624878,0.00021070468937978148,0.0001115425257012248,True,8.98913860321045,3.0486483573913574,0.9117144346237183,0.41082456707954407,0.993305504322052
43,3,0.001,0.002252492904663086,2.4432010650634766,2.9610955715179443,2.975289821624756,2.9647984504699707,2.955296516418457,2.9610953330993652,1.7192208766937256,0.5780235528945923,0.7905107736587524,2.429450511932373,0.8183118104934692,0.6546868085861206,2.356090784072876,0.7945653796195984,0.6689742207527161,4.078473091125488,1.3774563074111938,0.05095285922288895,0.2111319899559021,0.08898869156837463,0.9960833787918091,0.181885227560997,0.07650016248226166,0.9970864057540894,0.036237865686416626,0.015209813602268696,0.9998846650123596,3.263697624206543,1.369240641593933,0.06258982419967651,2.38358211517334,2.3615598678588867,2.371577262878418,2.381481647491455,2.3835818767547607,0.02374647930264473,0.014287412166595459,0.000216928543522954,0.00011524324509082362,True,8.987722396850586,3.0682260990142822,0.9102069735527039,0.414153516292572,0.9964195489883423
43,4,0.001,0.002252492904663086,2.476780891418457,2.950080394744873,2.9983904361724854,2.9789483547210693,2.948759078979492,2.950080394744873,1.662796974182129,0.559226930141449,0.8020236492156982,2.462401866912842,0.8291471004486084,0.6463508009910583,2.341142416000366,0.7918316125869751,0.6684433221817017,4.06079626083374,1.3767242431640625,0.05199577659368515,0.19991908967494965,0.08436231315135956,0.9964538216590881,0.18232601881027222,0.0771852508187294,0.9970220923423767,0.03272319957613945,0.013855762779712677,0.999905526638031,3.2362771034240723,1.369078516960144,0.06281197816133499,2.3638360500335693,2.375699281692505,2.360538959503174,2.359570264816284,2.3638360500335693,0.037315450608730316,0.02209252119064331,0.00021706866391468793,0.00011610299407038838,True,9.00294017791748,3.0735270977020264,0.9127143025398254,0.40859824419021606,0.9946116209030151
43,5,0.001,0.002252492904663086,2.5038108825683594,2.9622857570648193,2.9848220348358154,2.9745585918426514,2.9626879692077637,2.9622859954833984,1.681015968322754,0.5637006759643555,0.7936562299728394,2.486485719680786,0.8365393877029419,0.6382269263267517,2.410299777984619,0.8120564222335815,0.6544787883758545,4.085811614990234,1.379407525062561,0.0482633113861084,0.16474923491477966,0.06975454837083817,0.9975889325141907,0.15104849636554718,0.06424852460622787,0.9979395866394043,0.039579182863235474,0.016831008717417717,0.9998605847358704,3.2291274070739746,1.3717321157455444,0.05917556956410408,2.354051113128662,2.3696329593658447,2.3479557037353516,2.34907603263855,2.354051113128662,0.02448304183781147,0.016251862049102783,0.00022173134493641555,0.00011861821985803545,True,8.99305534362793,3.0720508098602295,0.9105985164642334,0.4132920801639557,0.997650682926178
43,6,0.001,0.002252492904663086,2.5193936824798584,2.951719045639038,2.9899065494537354,2.9794182777404785,2.951181650161743,2.951719045639038,1.66569983959198,0.5602660179138184,0.7965245842933655,2.4985930919647217,0.8415162563323975,0.6352561116218567,2.4619240760803223,0.8324565887451172,0.640029788017273,4.070655822753906,1.3792492151260376,0.04851517081260681,0.1430743932723999,0.06077872961759567,0.9983080625534058,0.15966565907001495,0.06833261251449585,0.9976692795753479,0.029023703187704086,0.012438037432730198,0.9999226927757263,3.202883005142212,1.3726961612701416,0.05785255506634712,2.3332788944244385,2.374762773513794,2.339911699295044,2.3336474895477295,2.3332788944244385,0.009059717878699303,0.00477367639541626,0.00022262534184847027,0.00011864987027365714,True,9.012886047363281,3.09330677986145,0.913984477519989,0.4057490825653076,0.9962084293365479
43,7,0.001,0.002252492904663086,2.5413167476654053,2.962435245513916,2.981386661529541,2.9906978607177734,2.9668262004852295,2.962435245513916,1.684074878692627,0.5666805505752563,0.7915463447570801,2.5271964073181152,0.8480212092399597,0.6302521228790283,2.4929323196411133,0.8400626182556152,0.6342241168022156,4.09156608581543,1.3812721967697144,0.04568106308579445,0.1472097784280777,0.06272619962692261,0.9981635212898254,0.12114304304122925,0.051735252141952515,0.9987302422523499,0.044416505843400955,0.019046718254685402,0.9998248219490051,3.1988141536712646,1.3741334676742554,0.05587846785783768,2.3278772830963135,2.3658480644226074,2.355314254760742,2.336076498031616,2.3278772830963135,0.007958629168570042,0.003971993923187256,0.0002272426208946854,0.00012071063974872231,True,8.993292808532715,3.0719356536865234,0.911059558391571,0.41227465867996216,0.9967470169067383
43,8,0.001,0.002252492904663086,2.5551834106445312,2.953150987625122,2.988877773284912,2.9848251342773438,2.9547948837280273,2.953150987625122,1.6455109119415283,0.5530056357383728,0.8013463020324707,2.5594801902770996,0.8611517548561096,0.6190136671066284,2.498894214630127,0.8452244400978088,0.6304017901420593,4.080623626708984,1.3819060325622559,0.044844698160886765,0.14234659075737,0.060796305537223816,0.9985929131507874,0.15372319519519806,0.06629678606987,0.9978570342063904,0.03513047844171524,0.015216895379126072,0.9998858571052551,3.175161123275757,1.3765639066696167,0.05253598093986511,2.306584596633911,2.3761534690856934,2.330840826034546,2.3107142448425293,2.306584596633911,0.01592729240655899,0.011388123035430908,0.0002269402757519856,0.00012105463247280568,True,9.01539421081543,3.1125457286834717,0.9150211811065674,0.40340569615364075,0.9973458051681519
43,9,0.001,0.002252492904663086,2.5761821269989014,2.962127923965454,2.9739274978637695,2.991162061691284,2.9591403007507324,2.962127923965454,1.8043397665023804,0.6076168417930603,0.7714372277259827,2.5738725662231445,0.8636289834976196,0.6152491569519043,2.512789249420166,0.8477613925933838,0.6273708939552307,4.095830917358398,1.3827906847000122,0.04356955364346504,0.15245883166790009,0.06538131833076477,0.9981512427330017,0.16916200518608093,0.07299661636352539,0.9974042773246765,0.058039285242557526,0.02521427534520626,0.9996835589408875,3.1713051795959473,1.3765383958816528,0.052571047097444534,2.303826093673706,2.359856128692627,2.3309640884399414,2.299858331680298,2.303826093673706,0.015867657959461212,0.012121737003326416,0.0002296397287864238,0.00012250564759597182,True,8.988238334655762,3.0715157985687256,0.9115555286407471,0.41117703914642334,0.9960858821868896
43,10,0.001,0.002252492904663086,2.5897600650787354,2.956178665161133,2.982100009918213,2.9943647384643555,2.9611175060272217,2.956178665161133,1.7278064489364624,0.5807063579559326,0.788178026676178,2.586115837097168,0.8689558506011963,0.6125195622444153,2.5947492122650146,0.8754525184631348,0.6053183674812317,4.092757701873779,1.3845654726028442,0.041156105697155,0.21404767036437988,0.09196675568819046,0.996435284614563,0.18255358934402466,0.07914407551288605,0.9970433712005615,0.027497395873069763,0.012026799842715263,0.9999284744262695,3.1546695232391357,1.3806040287017822,0.046966180205345154,2.284991979598999,2.3699004650115967,2.328204393386841,2.2876951694488525,2.284992218017578,-0.00649662408977747,-0.007201194763183594,0.00023025860718917102,0.0001232420327141881,True,9.011884689331055,3.128242254257202,0.9157293438911438,0.4017959237098694,0.9949509501457214
43,11,0.001,0.002252492904663086,2.6093218326568604,2.962707042694092,2.9791553020477295,2.987982988357544,2.9553208351135254,2.962707042694092,1.8924425840377808,0.6362862586975098,0.7602836489677429,2.608773708343506,0.8765153884887695,0.6055164337158203,2.5665881633758545,0.8664876818656921,0.6110081672668457,4.100412368774414,1.383936882019043,0.0419718474149704,0.22677744925022125,0.09752517193555832,0.9959549307823181,0.15000119805335999,0.06531883776187897,0.9979519248008728,0.04622013494372368,0.0202812347561121,0.9997967481613159,3.146059036254883,1.3789713382720947,0.04921916127204895,2.2814536094665527,2.3691904544830322,2.311439037322998,2.27646803855896,2.2814536094665527,0.010027648881077766,0.005491733551025391,0.00023356944439001381,0.00012470778892748058,True,8.981484413146973,3.071951389312744,0.9122015237808228,0.4097418785095215,0.9912969470024109
43,12,0.001,0.002252492904663086,2.62304425239563,2.9618401527404785,2.984790325164795,3.007025957107544,2.95137619972229,2.9618401527404785,1.8725290298461914,0.6290815472602844,0.7679581046104431,2.665836811065674,0.8928154110908508,0.5931438207626343,2.557785749435425,0.8648709654808044,0.6121222972869873,4.107710361480713,1.3868788480758667,0.03793446719646454,0.2714577913284302,0.11706056445837021,0.99405837059021,0.23692068457603455,0.10330303013324738,0.9948834180831909,0.05232897773385048,0.0231152456253767,0.9997450709342957,3.1420390605926514,1.3845150470733643,0.04155909642577171,2.2694149017333984,2.368488311767578,2.3174920082092285,2.258244276046753,2.2694149017333984,0.027944371104240417,0.018978476524353027,0.00023269638768397272,0.00012502953177317977,True,9.00251293182373,3.134481906890869,0.9163114428520203,0.40046629309654236,0.9933659434318542
43,0,0.003,0.006757478713989258,2.243661642074585,3.228717803955078,2.955981969833374,2.9098148345947266,3.2288832664489746,3.228717803955078,2.028674840927124,0.6544229388237,0.7788823843002319,2.4343929290771484,0.7928154468536377,0.6876665949821472,2.332986354827881,0.7247371673583984,0.7368460893630981,4.4742584228515625,1.3855332136154175,0.03974585607647896,0.5831072330474854,0.22872067987918854,0.9885486960411072,0.7197978496551514,0.27769842743873596,0.9705948829650879,0.027611134573817253,0.009966698475182056,0.9999511241912842,3.819166421890259,1.379424810409546,0.04859369248151779,2.7686657905578613,2.330192804336548,2.4153594970703125,2.7720119953155518,2.7686657905578613,0.06807830929756165,0.04917949438095093,6.390684575308114e-05,3.176921381964348e-05,True,8.94721508026123,3.0869128704071045,0.9109731912612915,0.4124656617641449,0.9830727577209473
43,1,0.003,0.006757478713989258,2.106769561767578,2.995248556137085,2.9734506607055664,3.097912073135376,2.9944095611572266,2.995248556137085,1.7703726291656494,0.5927395224571228,0.7926477789878845,2.3203015327453613,0.7612613439559937,0.706190824508667,2.330486297607422,0.7771013379096985,0.6864032745361328,4.126619815826416,1.3776509761810303,0.0506737045943737,0.18920034170150757,0.07864030450582504,0.997800886631012,0.3285081684589386,0.12841284275054932,0.9948927164077759,0.03641417995095253,0.014811423607170582,0.9998913407325745,3.36149001121521,1.3682597875595093,0.06393259763717651,2.4567630290985107,2.355027437210083,2.659675121307373,2.4602766036987305,2.4567630290985107,-0.015839898958802223,-0.01978754997253418,6.950245006009936e-05,3.4930439142044634e-05,True,8.997395515441895,3.0635507106781006,0.9114626049995422,0.4113830327987671,0.9972977042198181
43,2,0.003,0.006757478713989258,2.3607428073883057,2.9470975399017334,2.9865777492523193,2.969841241836548,2.9499433040618896,2.9470973014831543,1.6672532558441162,0.5625460147857666,0.8091813325881958,2.380418539047241,0.8029853105545044,0.6678483486175537,2.2839159965515137,0.772712767124176,0.6875401735305786,4.0505523681640625,1.3745872974395752,0.0549408495426178,0.2435958832502365,0.10240326076745987,0.9948436617851257,0.17470255494117737,0.07269467413425446,0.9973843097686768,0.031414568424224854,0.01310527604073286,0.9999164938926697,3.269958019256592,1.3656219244003296,0.06753848493099213,2.3944826126098633,2.36309814453125,2.411991834640503,2.3997037410736084,2.3944826126098633,0.030272595584392548,0.019691824913024902,7.347336213570088e-05,3.656960325315595e-05,True,8.98913860321045,3.048647403717041,0.9117147922515869,0.4108239710330963,0.9933059811592102
43,3,0.003,0.006757478713989258,2.4432010650634766,2.9610421657562256,2.975235939025879,2.9647464752197266,2.9552433490753174,2.9610421657562256,1.7191828489303589,0.5780214071273804,0.7905122637748718,2.4293997287750244,0.818309485912323,0.6546886563301086,2.356039524078369,0.7945626378059387,0.6689763069152832,4.078400611877441,1.3774566650390625,0.05095234140753746,0.2111278623342514,0.08898839354515076,0.9960833191871643,0.1818827986717224,0.07650037109851837,0.9970865249633789,0.036236923187971115,0.015209662728011608,0.9998846054077148,3.263645648956299,1.3692411184310913,0.06258922815322876,2.3835434913635254,2.3615217208862305,2.3715391159057617,2.3814432621002197,2.3835432529449463,0.023746799677610397,0.01428765058517456,7.567509601358324e-05,3.7816367694176733e-05,True,8.987713813781738,3.0682246685028076,0.9102070331573486,0.41415339708328247,0.9964195489883423
43,4,0.003,0.006757478713989258,2.476780891418457,2.9500250816345215,2.9983346462249756,2.9788944721221924,2.948704242706299,2.9500250816345215,1.6627581119537354,0.5592244863510132,0.8020250797271729,2.462347984313965,0.8291445970535278,0.6463527679443359,2.341090202331543,0.7918288111686707,0.6684455275535583,4.0607194900512695,1.376724123954773,0.051995810121297836,0.19991351664066315,0.08436138927936554,0.9964541792869568,0.18232221901416779,0.07718491554260254,0.997022271156311,0.03272204101085663,0.013855505734682083,0.9999057054519653,3.236222982406616,1.3690789937973022,0.06281142681837082,2.363795757293701,2.375659465789795,2.3605005741119385,2.3595309257507324,2.3637959957122803,0.037315696477890015,0.022092759609222412,7.585488492622972e-05,3.7918765883659944e-05,True,9.002938270568848,3.073530435562134,0.9127143025398254,0.4085983335971832,0.9946117401123047
43,5,0.003,0.006757478713989258,2.5038108825683594,2.962229013442993,2.9847679138183594,2.9745032787323,2.9626293182373047,2.962228536605835,1.68097722530365,0.5636985898017883,0.7936577796936035,2.4864308834075928,0.8365370035171509,0.6382290124893188,2.410244941711426,0.8120539784431458,0.6544807553291321,4.085733890533447,1.3794078826904297,0.048262808471918106,0.16474580764770508,0.06975427269935608,0.9975889325141907,0.15104587376117706,0.06424849480390549,0.99793940782547,0.03957844898104668,0.016830993816256523,0.9998605847358704,3.229072332382202,1.3717325925827026,0.05917484685778618,2.3540101051330566,2.3695945739746094,2.347916841506958,2.3490333557128906,2.3540101051330566,0.024483025074005127,0.016251742839813232,7.752617966616526e-05,3.8630940252915025e-05,True,8.993057250976562,3.0720484256744385,0.9105987548828125,0.4132915437221527,0.9976511597633362
43,6,0.003,0.006757478713989258,2.5193936824798584,2.95166277885437,2.989851236343384,2.9793596267700195,2.951125144958496,2.95166277885437,1.665663480758667,0.5602644681930542,0.7965257167816162,2.4985382556915283,0.8415143489837646,0.6352577805519104,2.4618701934814453,0.8324545621871948,0.6400313973426819,4.070578575134277,1.3792495727539062,0.04851452261209488,0.14307181537151337,0.06077868491411209,0.9983080625534058,0.15966439247131348,0.06833327561616898,0.9976692199707031,0.02902337722480297,0.012438117526471615,0.9999225735664368,3.202827215194702,1.3726965188980103,0.057852089405059814,2.333237648010254,2.374722719192505,2.3398704528808594,2.333606243133545,2.333237648010254,0.0090597253292799,0.004773616790771484,7.796721183694899e-05,3.890147490892559e-05,True,9.012884140014648,3.093305826187134,0.9139847159385681,0.4057486355304718,0.9962091445922852
43,7,0.003,0.006757478713989258,2.5413167476654053,2.9623780250549316,2.9813332557678223,2.990640163421631,2.966769218444824,2.9623780250549316,1.6840360164642334,0.5666782855987549,0.7915477752685547,2.5271389484405518,0.8480185866355896,0.6302542090415955,2.49287486076355,0.8400596976280212,0.6342265605926514,4.091488361358643,1.3812724351882935,0.0456807017326355,0.1472070813179016,0.06272610276937485,0.9981634616851807,0.12114008516073227,0.05173488333821297,0.9987303018569946,0.04441482573747635,0.019046325236558914,0.9998248219490051,3.1987597942352295,1.3741337060928345,0.05587833374738693,2.3278374671936035,2.365809202194214,2.3552727699279785,2.336036443710327,2.3278374671936035,0.007958963513374329,0.003972351551055908,7.912512955954298e-05,3.958323577535339e-05,True,8.993295669555664,3.071934223175049,0.9110597968101501,0.4122743606567383,0.9967468976974487
43,8,0.003,0.006757478713989258,2.5551834106445312,2.953092336654663,2.988823652267456,2.9847662448883057,2.9547369480133057,2.953092336654663,1.6454730033874512,0.5530036687850952,0.8013477325439453,2.559422016143799,0.861149251461029,0.6190158128738403,2.498837947845459,0.8452221155166626,0.6304036378860474,4.080541610717773,1.3819056749343872,0.04484498128294945,0.14234670996665955,0.06079740822315216,0.9985929727554321,0.15372011065483093,0.06629664450883865,0.9978570342063904,0.03512962907552719,0.015216801315546036,0.9998858571052551,3.175103187561035,1.3765636682510376,0.05253622680902481,2.3065428733825684,2.3761146068573,2.330799102783203,2.310673236846924,2.3065428733825684,0.015927160158753395,0.011387825012207031,7.914479647297412e-05,3.953837222070433e-05,True,9.015387535095215,3.1125473976135254,0.9150211811065674,0.40340566635131836,0.9973461627960205
43,9,0.003,0.006757478713989258,2.5761821269989014,2.9620707035064697,2.973871946334839,2.9911012649536133,2.959082841873169,2.9620707035064697,1.8042998313903809,0.6076149940490723,0.771438717842102,2.5738117694854736,0.8636259436607361,0.6152517795562744,2.512734889984131,0.847759485244751,0.6273725628852844,4.095752239227295,1.3827908039093018,0.04356950521469116,0.1524551957845688,0.06538084894418716,0.9981510639190674,0.16915693879127502,0.07299572974443436,0.9974042773246765,0.05803821608424187,0.025214247405529022,0.9996835589408875,3.171250343322754,1.3765382766723633,0.0525711327791214,2.303786516189575,2.3598170280456543,2.3309214115142822,2.299818277359009,2.303786516189575,0.01586640626192093,0.01212078332901001,8.064154098974541e-05,4.0147133404389024e-05,True,8.988231658935547,3.0715179443359375,0.9115557074546814,0.41117674112319946,0.9960854053497314
43,10,0.003,0.006757478713989258,2.5897600650787354,2.9561197757720947,2.9820430278778076,2.994302749633789,2.961057186126709,2.9561195373535156,1.7277655601501465,0.5807040333747864,0.788179337978363,2.5860555171966553,0.8689534664154053,0.6125215291976929,2.5946898460388184,0.8754504919052124,0.6053199172019958,4.092674732208252,1.3845651149749756,0.04115643352270126,0.21404485404491425,0.09196717292070389,0.996435284614563,0.18255020678043365,0.07914406806230545,0.9970433712005615,0.027496863156557083,0.012026787735521793,0.9999284148216248,3.1546120643615723,1.3806041479110718,0.04696626216173172,2.2849504947662354,2.369859218597412,2.3281610012054443,2.2876527309417725,2.2849504947662354,-0.006496967747807503,-0.0072016119956970215,8.051148324739188e-05,4.0204686229117215e-05,True,9.011887550354004,3.1282413005828857,0.9157293438911438,0.4017956256866455,0.9949503540992737
43,11,0.003,0.006757478713989258,2.6093218326568604,2.9626479148864746,2.979100465774536,2.9879226684570312,2.9552621841430664,2.9626479148864746,1.8924006223678589,0.6362844705581665,0.7602849006652832,2.6087136268615723,0.876512885093689,0.6055185794830322,2.566528081893921,0.8664847612380981,0.6110107898712158,4.100329399108887,1.3839365243911743,0.04197261109948158,0.22677570581436157,0.09752610325813293,0.9959548115730286,0.14999788999557495,0.06531857699155807,0.997951865196228,0.04621966555714607,0.020281389355659485,0.9997966289520264,3.1460015773773193,1.3789708614349365,0.04921957850456238,2.2814126014709473,2.3691515922546387,2.311396837234497,2.2764275074005127,2.2814126014709473,0.010028190910816193,0.005492210388183594,8.175995026249439e-05,4.0638609789311886e-05,True,8.98146915435791,3.071953535079956,0.9122015237808228,0.4097418189048767,0.9912975430488586
43,12,0.003,0.006757478713989258,2.62304425239563,2.9617767333984375,2.9847354888916016,3.0069637298583984,2.9513139724731445,2.9617767333984375,1.872485637664795,0.6290795803070068,0.7679594159126282,2.6657726764678955,0.8928126692771912,0.5931462049484253,2.5577211380004883,0.8648678064346313,0.6121249198913574,4.107621192932129,1.386878490447998,0.037934958934783936,0.2714533507823944,0.11706073582172394,0.9940584301948547,0.23691654205322266,0.10330318659543991,0.9948832988739014,0.052327677607536316,0.023115113377571106,0.9997450709342957,3.1419785022735596,1.3845149278640747,0.04155911132693291,2.269371271133423,2.3684494495391846,2.317448377609253,2.2582015991210938,2.269371271133423,0.02794487401843071,0.01897871494293213,8.146213804138824e-05,4.067767440574244e-05,True,9.002507209777832,3.134481191635132,0.9163115620613098,0.4004662334918976,0.9933664202690125
43,0,0.01,0.02252492904663086,2.243661642074585,3.2286431789398193,2.955911636352539,2.9097530841827393,3.228809356689453,3.2286431789398193,2.0285747051239014,0.6544062495231628,0.7788930535316467,2.434281349182129,0.7927970886230469,0.6876803636550903,2.332868814468384,0.7247178554534912,0.736859142780304,4.474157810211182,1.3855342864990234,0.039744626730680466,0.5830923914909363,0.22871777415275574,0.9885491132736206,0.7197763919830322,0.27769359946250916,0.9705958962440491,0.02760958857834339,0.009966276586055756,0.9999511241912842,3.819117784500122,1.3794260025024414,0.04859182983636856,2.7686281204223633,2.3301661014556885,2.4153330326080322,2.771974563598633,2.7686281204223633,0.06807923316955566,0.04917877912521362,3.5908793506678194e-05,0.00012478229473344982,True,8.947219848632812,3.0869100093841553,0.9109731912612915,0.41246551275253296,0.9830732345581055
43,1,0.01,0.02252492904663086,2.106769561767578,2.9951839447021484,2.9733808040618896,3.0978474617004395,2.994345188140869,2.9951839447021484,1.77028489112854,0.5927238464355469,0.7926574945449829,2.320194959640503,0.7612432241439819,0.7062041759490967,2.3303821086883545,0.7770836353302002,0.686416506767273,4.126533508300781,1.3776519298553467,0.05067259818315506,0.18919527530670166,0.07863908261060715,0.9978011846542358,0.32849663496017456,0.12840978801250458,0.994892954826355,0.036412112414836884,0.014810743741691113,0.9998912811279297,3.3614563941955566,1.3682609796524048,0.06393100321292877,2.4567363262176514,2.3550002574920654,2.6596438884735107,2.4602503776550293,2.4567363262176514,-0.015840522944927216,-0.01978766918182373,3.678369102999568e-05,0.0001240139827132225,True,8.997400283813477,3.063544750213623,0.911462664604187,0.4113828241825104,0.9972975850105286
43,2,0.01,0.02252492904663086,2.3607428073883057,2.9470324516296387,2.9865059852600098,2.969775676727295,2.9498775005340576,2.9470324516296387,1.667168140411377,0.5625304579734802,0.8091903328895569,2.3803133964538574,0.8029679656028748,0.6678617000579834,2.283815860748291,0.772696316242218,0.6875524520874023,4.050464153289795,1.3745880126953125,0.05494017153978348,0.24358615279197693,0.10240034013986588,0.9948437809944153,0.1746973842382431,0.07269333302974701,0.9973843693733215,0.03141309693455696,0.013104813173413277,0.9999164342880249,3.269922971725464,1.365622639656067,0.06753726303577423,2.394455671310425,2.363070487976074,2.4119653701782227,2.3996758460998535,2.394455671310425,0.030271682888269424,0.019690752029418945,3.71820897271391e-05,0.0001226686144946143,True,8.989147186279297,3.0486459732055664,0.9117146730422974,0.41082391142845154,0.9933069348335266
43,3,0.01,0.02252492904663086,2.4432010650634766,2.96097469329834,2.975166082382202,2.9646778106689453,2.955176830291748,2.96097469329834,1.7190964221954346,0.5780060291290283,0.7905218005180359,2.4292891025543213,0.818291187286377,0.6547029614448547,2.3559322357177734,0.7945448756217957,0.6689899563789368,4.078309535980225,1.3774573802947998,0.05095156654715538,0.21112196147441864,0.08898691833019257,0.9960834980010986,0.18187671899795532,0.07649866491556168,0.9970867037773132,0.03623488172888756,0.015208976343274117,0.9998846650123596,3.26361083984375,1.3692419528961182,0.0625881552696228,2.383516550064087,2.361494779586792,2.3715131282806396,2.3814170360565186,2.383516550064087,0.023746289312839508,0.014286994934082031,3.8696874980814755e-05,0.00012786086881533265,True,8.987719535827637,3.0682213306427,0.910207211971283,0.4141530990600586,0.9964191913604736
43,4,0.01,0.02252492904663086,2.476780891418457,2.949957847595215,2.9982621669769287,2.978823661804199,2.948636770248413,2.949957847595215,1.662672519683838,0.5592091083526611,0.8020344376564026,2.4622385501861572,0.8291272521018982,0.6463665962219238,2.3409855365753174,0.7918118834495544,0.6684585809707642,4.060628890991211,1.3767244815826416,0.051995277404785156,0.19990481436252594,0.08435869216918945,0.9964544177055359,0.182314932346344,0.07718271017074585,0.9970223903656006,0.03272072970867157,0.013855107128620148,0.9999057054519653,3.2361884117126465,1.36907958984375,0.06281048059463501,2.363769292831421,2.375631093978882,2.360473394393921,2.359504222869873,2.363769292831421,0.037315260618925095,0.022091984748840332,3.861106961267069e-05,0.0001273296365980059,True,9.00294017791748,3.0735275745391846,0.9127143621444702,0.4085983633995056,0.994612455368042
43,5,0.01,0.02252492904663086,2.5038108825683594,2.9621596336364746,2.984697103500366,2.9744319915771484,2.962559223175049,2.9621596336364746,1.6808912754058838,0.5636834502220154,0.7936669588088989,2.4863169193267822,0.8365188241004944,0.6382434368133545,2.4101343154907227,0.8120361566543579,0.65449458360672,4.0856404304504395,1.3794084787368774,0.04826204106211662,0.16474026441574097,0.06975273042917252,0.9975889325141907,0.1510404646396637,0.06424693763256073,0.99793940782547,0.03957690671086311,0.016830530017614365,0.9998604655265808,3.229037046432495,1.3717331886291504,0.059173982590436935,2.3539834022521973,2.3695669174194336,2.3478891849517822,2.3490066528320312,2.3539834022521973,0.02448263019323349,0.01625114679336548,3.9620190364075825e-05,0.00013064316590316594,True,8.99305534362793,3.0720438957214355,0.910598874092102,0.41329124569892883,0.9976513981819153
43,6,0.01,0.02252492904663086,2.5193936824798584,2.9515926837921143,2.9897806644439697,2.979288101196289,2.9510550498962402,2.9515926837921143,1.665578842163086,0.5602495074272156,0.7965347766876221,2.4984235763549805,0.8414959907531738,0.6352723836898804,2.461759567260742,0.8324372172355652,0.6400452852249146,4.070484638214111,1.3792502880096436,0.04851369559764862,0.14306578040122986,0.06077682226896286,0.9983081817626953,0.15965703129768372,0.06833090633153915,0.9976693987846375,0.02902192622423172,0.012437639757990837,0.9999227523803711,3.2027924060821533,1.372697353363037,0.057851001620292664,2.3332109451293945,2.374695062637329,2.339843511581421,2.3335793018341064,2.3332109451293945,0.009058890864253044,0.00477290153503418,3.965120413340628e-05,0.00013110440340824425,True,9.012890815734863,3.0933003425598145,0.9139847755432129,0.405748575925827,0.9962091445922852
43,7,0.01,0.02252492904663086,2.5413167476654053,2.9623074531555176,2.9812633991241455,2.990567445755005,2.966697931289673,2.9623072147369385,1.6839509010314941,0.5666631460189819,0.7915570735931396,2.5270237922668457,0.8480006456375122,0.6302686929702759,2.49276065826416,0.8400416374206543,0.634240984916687,4.0913920402526855,1.3812730312347412,0.04568003863096237,0.14720098674297333,0.06272422522306442,0.9981635212898254,0.12113451957702637,0.0517331138253212,0.9987304210662842,0.044412899762392044,0.019045716151595116,0.9998248815536499,3.1987240314483643,1.3741340637207031,0.05587778985500336,2.327810764312744,2.3657822608947754,2.3552446365356445,2.3360092639923096,2.327810764312744,0.007959078997373581,0.003972291946411133,4.0060556784737855e-05,0.00013245019363239408,True,8.993301391601562,3.0719285011291504,0.9110597968101501,0.4122743308544159,0.9967478513717651
43,8,0.01,0.02252492904663086,2.5551834106445312,2.9530208110809326,2.988753318786621,2.9846925735473633,2.9546658992767334,2.9530205726623535,1.645389199256897,0.5529890060424805,0.8013567924499512,2.559304714202881,0.8611312508583069,0.6190304756164551,2.4987244606018066,0.8452042937278748,0.6304179430007935,4.080444812774658,1.381906270980835,0.044844310730695724,0.14234130084514618,0.060795802623033524,0.9985930323600769,0.15371361374855042,0.06629462540149689,0.9978571534156799,0.035127852112054825,0.015216207131743431,0.9998857378959656,3.17506742477417,1.3765641450881958,0.05253550037741661,2.306516170501709,2.376086950302124,2.330770969390869,2.3106465339660645,2.30651593208313,0.015926936641335487,0.011387467384338379,4.045347304781899e-05,0.0001332291285507381,True,9.015390396118164,3.112541437149048,0.9150212407112122,0.40340548753738403,0.9973456859588623
43,9,0.01,0.02252492904663086,2.5761821269989014,2.961998224258423,2.9738030433654785,2.9910268783569336,2.9590096473693848,2.961998462677002,1.8042078018188477,0.6075987219810486,0.7714489698410034,2.5736947059631348,0.8636082410812378,0.6152663230895996,2.5126187801361084,0.8477414846420288,0.6273870468139648,4.095653057098389,1.38279128074646,0.04356888681650162,0.15244780480861664,0.06537843495607376,0.9981511831283569,0.1691499799489975,0.07299360632896423,0.9974043965339661,0.058036383241415024,0.025213751941919327,0.999683678150177,3.1712141036987305,1.376538634300232,0.05257061496376991,2.3037595748901367,2.359790802001953,2.33089280128479,2.299790620803833,2.3037595748901367,0.015866786241531372,0.012120723724365234,4.055345198139548e-05,0.00013325711188372225,True,8.988238334655762,3.0715115070343018,0.9115557670593262,0.411176472902298,0.9960862398147583
43,10,0.01,0.02252492904663086,2.5897600650787354,2.9560465812683105,2.9819726943969727,2.994227170944214,2.96098256111145,2.9560465812683105,1.7276737689971924,0.5806876420974731,0.7881894707679749,2.585937261581421,0.8689355254173279,0.6125362515449524,2.5945706367492676,0.8754323124885559,0.605334997177124,4.092574596405029,1.3845655918121338,0.04115595296025276,0.21403811872005463,0.09196535497903824,0.9964355826377869,0.18254248797893524,0.07914169132709503,0.9970434904098511,0.027495620772242546,0.012026388198137283,0.9999282956123352,3.1545755863189697,1.3806043863296509,0.04696577042341232,2.284923553466797,2.3698320388793945,2.328131914138794,2.2876248359680176,2.284923553466797,-0.00649673119187355,-0.007201254367828369,4.13998932344839e-05,0.00013691438653040677,True,9.011882781982422,3.128234624862671,0.9157296419143677,0.4017951488494873,0.9949505925178528
43,11,0.01,0.02252492904663086,2.6093218326568604,2.962573766708374,2.979030132293701,2.987846851348877,2.9551901817321777,2.962573766708374,1.8923025131225586,0.6362671852111816,0.7602960467338562,2.6085941791534424,0.8764950037002563,0.6055334210395813,2.566411256790161,0.8664667010307312,0.6110253930091858,4.100228786468506,1.383937120437622,0.04197177663445473,0.2267657369375229,0.09752295911312103,0.9959550499916077,0.1499917358160019,0.06531669199466705,0.9979519844055176,0.04621810093522072,0.02028094045817852,0.9997966885566711,3.145965337753296,1.3789713382720947,0.049218904227018356,2.281385660171509,2.369124412536621,2.3113675117492676,2.2764012813568115,2.281385660171509,0.010028260760009289,0.005491971969604492,4.1274732211604714e-05,0.00013536658661905676,True,8.981477737426758,3.071945905685425,0.9122015237808228,0.40974172949790955,0.9912969470024109
43,12,0.01,0.02252492904663086,2.62304425239563,2.961699962615967,2.984663963317871,3.0068845748901367,2.9512388706207275,2.961700201034546,1.8723862171173096,0.6290619373321533,0.7679705619812012,2.665646553039551,0.892794132232666,0.5931618809700012,2.557600498199463,0.8648495078086853,0.6121400594711304,4.107516765594482,1.3868789672851562,0.03793429210782051,0.2714444398880005,0.11705832183361053,0.9940589070320129,0.23690730333328247,0.10330046713352203,0.9948837161064148,0.05232425779104233,0.023113885894417763,0.9997451305389404,3.1419405937194824,1.3845155239105225,0.04155860096216202,2.2693428993225098,2.3684213161468506,2.317418336868286,2.2581746578216553,2.269343137741089,0.027944695204496384,0.01897817850112915,4.221960625727661e-05,0.00014008958532940596,True,9.002504348754883,3.134472370147705,0.9163118600845337,0.40046581625938416,0.9933664202690125
43,0,0.03,0.06757478713989258,2.243661642074585,3.228109359741211,2.9554150104522705,2.9093177318573,3.228281259536743,3.228109359741211,2.027780055999756,0.6542607545852661,0.7789855003356934,2.4333977699279785,0.7926366925239563,0.6878004670143127,2.3319272994995117,0.7245474457740784,0.7369740605354309,4.47344970703125,1.3855431079864502,0.039732735604047775,0.5829809308052063,0.22869068384170532,0.988551676273346,0.7196243405342102,0.2776550054550171,0.9706034660339355,0.02759803831577301,0.009962928481400013,0.9999510645866394,3.818835735321045,1.3794386386871338,0.048574697226285934,2.7683985233306885,2.330024242401123,2.415187358856201,2.771747350692749,2.7683985233306885,0.0680893063545227,0.049173593521118164,0.0002834007318597287,0.0011274222051724792,True,8.947254180908203,3.086881399154663,0.9109741449356079,0.4124637246131897,0.9830778241157532
43,1,0.03,0.06757478713989258,2.106769561767578,2.99471378326416,2.9728879928588867,3.0973806381225586,2.9938769340515137,2.99471378326416,1.7695856094360352,0.5925867557525635,0.7927424311637878,2.319340705871582,0.7610834836959839,0.7063208818435669,2.3295483589172363,0.7769298553466797,0.6865323781967163,4.125909805297852,1.377659559249878,0.05066225305199623,0.18914853036403656,0.07862450182437897,0.9978020787239075,0.3284074068069458,0.1283835470676422,0.9948955774307251,0.036398615688085556,0.014806175604462624,0.999891459941864,3.361271619796753,1.3682712316513062,0.06391692161560059,2.45658278465271,2.3548572063446045,2.6594529151916504,2.460097551345825,2.45658278465271,-0.0158463716506958,-0.019788503646850586,0.00028094835579395294,0.001117885229177773,True,8.997445106506348,3.0634915828704834,0.9114636778831482,0.4113806188106537,0.9972990155220032
43,2,0.03,0.06757478713989258,2.3607428073883057,2.94657301902771,2.98599910736084,2.9693145751953125,2.949414014816284,2.946573257446289,1.6664891242980957,0.5623942613601685,0.8092697262763977,2.379486083984375,0.8028162121772766,0.6679785847663879,2.2830288410186768,0.7725531458854675,0.6876593828201294,4.049849510192871,1.3745927810668945,0.054933805018663406,0.2435152530670166,0.10237697511911392,0.9948462247848511,0.17466406524181366,0.07268386334180832,0.9973851442337036,0.0314006432890892,0.013100451789796352,0.999916672706604,3.269737958908081,1.3656305074691772,0.06752657890319824,2.3943064212799072,2.3629205226898193,2.4118237495422363,2.399519920349121,2.3943064212799072,0.03026312217116356,0.019680798053741455,0.0002785188553389162,0.0011075413785874844,True,8.989213943481445,3.0486185550689697,0.9117147326469421,0.4108237326145172,0.9933104515075684
43,3,0.03,0.06757478713989258,2.4432010650634766,2.9604952335357666,2.974672555923462,2.9641988277435303,2.9547102451324463,2.9604954719543457,1.7184069156646729,0.5778712034225464,0.7906051874160767,2.4284169673919678,0.818132221698761,0.6548274159431458,2.355085611343384,0.7943894863128662,0.6691092252731323,4.077667713165283,1.3774631023406982,0.05094389244914055,0.21107663214206696,0.088973268866539,0.9960848689079285,0.1818297803401947,0.07648349553346634,0.9970878958702087,0.036218397319316864,0.015202969312667847,0.9998849630355835,3.2634270191192627,1.3692491054534912,0.06257853657007217,2.3833699226379395,2.3613500595092773,2.371375799179077,2.3812780380249023,2.3833699226379395,0.02374267578125,0.014281809329986572,0.00029026958509348333,0.0011542015708982944,True,8.987788200378418,3.0681731700897217,0.9102081656455994,0.4141511619091034,0.9964202642440796
43,4,0.03,0.06757478713989258,2.476780891418457,2.9494845867156982,2.9977478981018066,2.9783267974853516,2.9481565952301025,2.9494845867156982,1.6619936227798462,0.5590753555297852,0.8021148443222046,2.4613754749298096,0.828974723815918,0.6464872360229492,2.340160608291626,0.791663646697998,0.6685726642608643,4.059993267059326,1.3767294883728027,0.051988888531923294,0.19984059035778046,0.08433692902326584,0.9964561462402344,0.18226350843906403,0.07716567814350128,0.9970236420631409,0.03271033242344856,0.013851557858288288,0.9999057650566101,3.2360076904296875,1.369086503982544,0.0628010705113411,2.3636255264282227,2.375474691390991,2.3603272438049316,2.3593568801879883,2.3636255264282227,0.03731122240424156,0.02208542823791504,0.00028906684019602835,0.001149310264736414,True,9.002996444702148,3.073493003845215,0.9127143025398254,0.4085984528064728,0.9946156740188599
43,5,0.03,0.06757478713989258,2.5038108825683594,2.961669683456421,2.9841971397399902,2.9739322662353516,2.9620630741119385,2.961669683456421,1.6802105903625488,0.5635521411895752,0.793746829032898,2.485424280166626,0.8363603353500366,0.6383688449859619,2.4092650413513184,0.8118809461593628,0.6546148657798767,4.084981918334961,1.3794139623641968,0.04825488105416298,0.16470123827457428,0.06974049657583237,0.9975897669792175,0.15100423991680145,0.06423548609018326,0.9979402422904968,0.03956560418009758,0.016826750710606575,0.9998607039451599,3.228854179382324,1.3717389106750488,0.05916599556803703,2.3538401126861572,2.3694193363189697,2.347743272781372,2.348862886428833,2.3538401126861572,0.024479364976286888,0.016246020793914795,0.0002967068285215646,0.0011794234160333872,True,8.993124008178711,3.0719940662384033,0.9105996489524841,0.41328975558280945,0.9976523518562317
43,6,0.03,0.06757478713989258,2.5193936824798584,2.951103687286377,2.9892807006835938,2.9787771701812744,2.9505691528320312,2.951103687286377,1.6649105548858643,0.5601195096969604,0.7966128587722778,2.497527837753296,0.8413385152816772,0.635398268699646,2.4608988761901855,0.8322861790657043,0.6401658058166504,4.069827556610107,1.3792555332183838,0.04850687459111214,0.1430206447839737,0.060761429369449615,0.9983091950416565,0.1596023291349411,0.0683116763830185,0.9976707696914673,0.029011264443397522,0.012433820404112339,0.9999228119850159,3.2026140689849854,1.3727039098739624,0.05784214660525322,2.3330698013305664,2.3745431900024414,2.339698553085327,2.3334386348724365,2.3330700397491455,0.009052373468875885,0.0047675371170043945,0.0002977296244353056,0.0011835142504423857,True,9.012927055358887,3.0932576656341553,0.9139848947525024,0.4057484567165375,0.9962114095687866
43,7,0.03,0.06757478713989258,2.5413167476654053,2.961808919906616,2.9807729721069336,2.9900529384613037,2.9661967754364014,2.961808919906616,1.6832774877548218,0.5665316581726074,0.7916369438171387,2.5261175632476807,0.8478432893753052,0.6303952932357788,2.4918670654296875,0.8398842811584473,0.6343664526939392,4.090721130371094,1.3812782764434814,0.045673172920942307,0.14715217053890228,0.06270724534988403,0.9981645941734314,0.12108831107616425,0.0517166405916214,0.998731255531311,0.044398050755262375,0.019040506333112717,0.9998248815536499,3.1985416412353516,1.374138593673706,0.05587150901556015,2.3276703357696533,2.3656368255615234,2.3550899028778076,2.3358662128448486,2.3276703357696533,0.00795901007950306,0.0039711594581604,0.0003006868064403534,0.0011951933847740293,True,8.993359565734863,3.071875810623169,0.9110602736473083,0.4122731685638428,0.9967495203018188
43,8,0.03,0.06757478713989258,2.5551834106445312,2.9525201320648193,2.9882583618164062,2.984170436859131,2.9541656970977783,2.9525198936462402,1.6447203159332275,0.5528587102890015,0.8014353513717651,2.55838942527771,0.8609741926193237,0.6191588640213013,2.497838020324707,0.845048725605011,0.6305429935455322,4.079771041870117,1.3819117546081543,0.04483691230416298,0.14229825139045715,0.06078115478157997,0.9985938668251038,0.15365831553936005,0.06627494841814041,0.9978582859039307,0.035113804042339325,0.01521103922277689,0.9998857975006104,3.1748883724212646,1.3765698671340942,0.05252765491604805,2.3063764572143555,2.375938653945923,2.3306190967559814,2.3105077743530273,2.3063762187957764,0.015925470739603043,0.011384129524230957,0.0003025731712114066,0.0012028170749545097,True,9.015416145324707,3.112485885620117,0.9150215983390808,0.40340474247932434,0.9973466396331787
43,9,0.03,0.06757478713989258,2.5761821269989014,2.9614944458007812,2.973313331604004,2.990506410598755,2.9584999084472656,2.9614944458007812,1.8034824132919312,0.6074581146240234,0.7715380191802979,2.572791576385498,0.8634563088417053,0.6153913140296936,2.5117228031158447,0.8475863933563232,0.6275113821029663,4.094974517822266,1.3827965259552002,0.043561868369579315,0.15238699316978455,0.06535623967647552,0.9981528520584106,0.1690964549779892,0.07297512143850327,0.9974056482315063,0.058023396879434586,0.025209635496139526,0.999683678150177,3.171032667160034,1.376542568206787,0.052565429359674454,2.303621292114258,2.3596513271331787,2.330737590789795,2.299649953842163,2.303621530532837,0.015869904309511185,0.012120068073272705,0.00030272084404714406,0.0012034073006361723,True,8.988296508789062,3.0714550018310547,0.9115564823150635,0.4111751914024353,0.9960898160934448
43,10,0.03,0.06757478713989258,2.5897600650787354,2.9555253982543945,2.9814751148223877,2.9936938285827637,2.960451602935791,2.9555251598358154,1.7269455194473267,0.5805447101593018,0.7882770895957947,2.5850086212158203,0.868779182434082,0.6126647591590881,2.5936403274536133,0.8752761483192444,0.6054641604423523,4.091871738433838,1.3845711946487427,0.04114842042326927,0.213986337184906,0.09194882214069366,0.9964368939399719,0.18248307704925537,0.07912109792232513,0.9970449805259705,0.027487637475132942,0.01202366966754198,0.99992835521698,3.154388427734375,1.380609154701233,0.046959288418293,2.284780263900757,2.3696858882904053,2.3279738426208496,2.287473678588867,2.284780263900757,-0.00649693189188838,-0.00720059871673584,0.00031093740835785866,0.001235859701409936,True,9.01190185546875,3.128159999847412,0.9157308340072632,0.40179237723350525,0.9949538111686707
43,11,0.03,0.06757478713989258,2.6093218326568604,2.9620563983917236,2.978534698486328,2.9873108863830566,2.9546866416931152,2.9620563983917236,1.8915213346481323,0.6361153721809387,0.7603928446769714,2.6076643466949463,0.8763397932052612,0.6056619882583618,2.565499782562256,0.8663099408149719,0.611153244972229,4.099532127380371,1.3839430809020996,0.04196390137076378,0.22668638825416565,0.09749481081962585,0.995957612991333,0.14994612336158752,0.06530103832483292,0.9979528784751892,0.04620501026511192,0.020276391878724098,0.9997968673706055,3.145782709121704,1.3789746761322021,0.04921439290046692,2.281247615814209,2.3689768314361572,2.3112101554870605,2.276270627975464,2.281247615814209,0.01002977229654789,0.0054912567138671875,0.00030757178319618106,0.0012225423706695437,True,8.981546401977539,3.0718801021575928,0.9122025966644287,0.40973958373069763,0.9913031458854675
43,12,0.03,0.06757478713989258,2.62304425239563,2.96115779876709,2.9841582775115967,3.0063223838806152,2.950707197189331,2.96115779876709,1.8715955018997192,0.6289083361625671,0.7680678367614746,2.664665937423706,0.8926324844360352,0.5932977199554443,2.556657075881958,0.8646893501281738,0.6122710704803467,4.106783390045166,1.386884331703186,0.03792724013328552,0.2713753879070282,0.11703614890575409,0.9940613508224487,0.23684066534042358,0.1032784953713417,0.9948857426643372,0.05229839310050011,0.023103933781385422,0.9997453093528748,3.14174222946167,1.384519100189209,0.04155340418219566,2.2691938877105713,2.3682687282562256,2.3172526359558105,2.2580344676971436,2.2691938877105713,0.02794317901134491,0.018973350524902344,0.0003184237575624138,0.001265399158000946,True,9.00251579284668,3.1343860626220703,0.9163138270378113,0.4004611074924469,0.9933714270591736
43,0,0.1,0.2252492904663086,2.243661642074585,3.222029447555542,2.9497551918029785,2.9043569564819336,3.222261428833008,3.222029447555542,2.018782615661621,0.6526187062263489,0.780029296875,2.4233832359313965,0.7908220887184143,0.6891582012176514,2.321256637573242,0.7226194739341736,0.7382730841636658,4.4653754234313965,1.385643720626831,0.03959744796156883,0.5817115902900696,0.22838501632213593,0.9885796308517456,0.7178816199302673,0.27721425890922546,0.9706919193267822,0.027467263862490654,0.009925143793225288,0.9999514818191528,3.8155791759490967,1.379579782485962,0.04837966337800026,2.765754461288452,2.328376531600952,2.4135003089904785,2.7691304683685303,2.7657546997070312,0.0682026818394661,0.049114882946014404,0.003121005604043603,0.012173115275800228,True,8.947644233703613,3.086561679840088,0.9109830856323242,0.41244378685951233,0.9831250309944153
43,1,0.1,0.2252492904663086,2.106769561767578,2.9893674850463867,2.967268466949463,3.0920724868774414,2.988555669784546,2.9893674850463867,1.7616721391677856,0.59103924036026,0.7937012314796448,2.3096609115600586,0.7592760920524597,0.7076401114463806,2.320103645324707,0.7751893997192383,0.6878422498703003,4.118818759918213,1.3777477741241455,0.05054463818669319,0.18862423300743103,0.07846255600452423,0.9978142976760864,0.3273945152759552,0.12808683514595032,0.9949254393577576,0.036245960742235184,0.014754659496247768,0.9998921155929565,3.3591387271881104,1.368388295173645,0.06375675648450851,2.4548139572143555,2.3531923294067383,2.657257556915283,2.458340644836426,2.4548139572143555,-0.01591332256793976,-0.019797861576080322,0.0030937185510993004,0.012055069208145142,True,8.99796199798584,3.062893867492676,0.9114748239517212,0.4113558530807495,0.9973140954971313
43,2,0.1,0.2252492904663086,2.3607428073883057,2.9413352012634277,2.9802162647247314,2.964060068130493,2.9441277980804443,2.9413352012634277,1.6588058471679688,0.5608585476875305,0.810165286064148,2.3701012134552,0.8011001348495483,0.6693003177642822,2.2740960121154785,0.7709323167800903,0.688869059085846,4.042832851409912,1.3746484518051147,0.05486096441745758,0.24270696938037872,0.10211167484521866,0.994873583316803,0.17428167164325714,0.07257567346096039,0.997393012046814,0.03126075118780136,0.013051704503595829,0.9999171495437622,3.267591714859009,1.3657197952270508,0.06740455329418182,2.392578363418579,2.3611769676208496,2.4101786613464355,2.3977158069610596,2.392578363418579,0.030167803168296814,0.01956874132156372,0.003065278986468911,0.011948900297284126,True,8.989954948425293,3.048309087753296,0.9117157459259033,0.4108213782310486,0.9933536052703857
43,3,0.1,0.2252492904663086,2.4432010650634766,2.955033540725708,2.9690465927124023,2.9587302207946777,2.9493844509124756,2.955033302307129,1.7106046676635742,0.5763494968414307,0.7915443181991577,2.4185261726379395,0.8163347244262695,0.6562343835830688,2.345489025115967,0.7926334142684937,0.6704558730125427,4.070354461669922,1.3775293827056885,0.050856512039899826,0.21055884659290314,0.08881831914186478,0.9960986375808716,0.18129481375217438,0.07631140202283859,0.997100830078125,0.03603316470980644,0.015135749243199825,0.9998858571052551,3.261289596557617,1.3693292140960693,0.06246905028820038,2.381669521331787,2.359668731689453,2.3697779178619385,2.37966251373291,2.381669759750366,0.023701271042227745,0.014221489429473877,0.0031929435208439827,0.012418176047503948,True,8.988555908203125,3.0676348209381104,0.9102184176445007,0.41412875056266785,0.9964385628700256
43,4,0.1,0.2252492904663086,2.476780891418457,2.9440836906433105,2.9918830394744873,2.972655773162842,2.942680835723877,2.9440836906433105,1.6543127298355103,0.5575661659240723,0.8030217885971069,2.451585292816162,0.827251136302948,0.6478520035743713,2.3308048248291016,0.7899861931800842,0.6698620915412903,4.052743911743164,1.376785397529602,0.05191605165600777,0.19910769164562225,0.08408953249454498,0.9964766502380371,0.18167473375797272,0.07697131484746933,0.9970386624336243,0.0325917974114418,0.013811246491968632,0.9999062418937683,3.233905076980591,1.3691648244857788,0.06269371509552002,2.3619544506073,2.373657464981079,2.358628511428833,2.3576478958129883,2.3619544506073,0.03726498782634735,0.022010087966918945,0.003179889405146241,0.012374079786241055,True,9.00361442565918,3.073103189468384,0.9127134680747986,0.4086001515388489,0.994652509689331
43,5,0.1,0.2252492904663086,2.5038108825683594,2.9560816287994385,2.97849178314209,2.968233346939087,2.956407070159912,2.9560816287994385,1.6725051403045654,0.5620700120925903,0.7946486473083496,2.4753007888793945,0.834568977355957,0.6397871375083923,2.399404525756836,0.8101261258125305,0.6559751033782959,4.077475547790527,1.3794759511947632,0.04817305505275726,0.16425342857837677,0.06960073113441467,0.9975994825363159,0.15058818459510803,0.06410432606935501,0.9979487061500549,0.039437539875507355,0.016784191131591797,0.9998613595962524,3.2267260551452637,1.3718053102493286,0.05907520279288292,2.352174997329712,2.3677010536193848,2.3460469245910645,2.3471922874450684,2.352174997329712,0.024442855268716812,0.016187965869903564,0.0032621559221297503,0.012674414552748203,True,8.993844032287598,3.0714354515075684,0.9106072783470154,0.41327282786369324,0.9976661801338196
43,6,0.1,0.2252492904663086,2.5193936824798584,2.9455268383026123,2.9835753440856934,2.972952127456665,2.9450271129608154,2.9455268383026123,1.6573476791381836,0.5586543083190918,0.7974945306777954,2.4873690605163574,0.8395569324493408,0.6368212103843689,2.4511375427246094,0.8305783271789551,0.6415280103683472,4.0623321533203125,1.3793152570724487,0.04842870309948921,0.14250661432743073,0.06058685854077339,0.9983190894126892,0.15897825360298157,0.06809311360120773,0.9976856708526611,0.028890861198306084,0.01239092368632555,0.9999233484268188,3.200531005859375,1.3727771043777466,0.057741597294807434,2.331428050994873,2.3727807998657227,2.3380088806152344,2.331801414489746,2.331428289413452,0.008978595025837421,0.0047067999839782715,0.003273750189691782,0.012721939943730831,True,9.013345718383789,3.0927741527557373,0.913985550403595,0.405746728181839,0.9962329864501953
43,7,0.1,0.2252492904663086,2.5413167476654053,2.9561266899108887,2.9751811027526855,2.9841856956481934,2.960482120513916,2.9561266899108887,1.6756561994552612,0.5650470852851868,0.7925393581390381,2.5158402919769287,0.8460635542869568,0.6318261027336121,2.4817333221435547,0.8381054401397705,0.635784924030304,4.083072662353516,1.381338357925415,0.04559437930583954,0.14659827947616577,0.06251551955938339,0.9981763958930969,0.12056505680084229,0.05153096094727516,0.9987401962280273,0.04422977939248085,0.01898178644478321,0.9998260140419006,3.1964144706726074,1.3741912841796875,0.05579913407564163,2.326033115386963,2.3639471530914307,2.3532919883728027,2.334200143814087,2.326032876968384,0.007958052679896355,0.0039588212966918945,0.0033058396074920893,0.012842169031500816,True,8.993985176086426,3.0712850093841553,0.9110664129257202,0.41225963830947876,0.996774435043335
43,8,0.1,0.2252492904663086,2.5551834106445312,2.946805000305176,2.982609748840332,2.9782156944274902,2.9484641551971436,2.946805000305176,1.6371487379074097,0.551389753818512,0.8023225665092468,2.548008918762207,0.8591980934143066,0.6206090450286865,2.4877824783325195,0.8432895541191101,0.6319563388824463,4.072080135345459,1.3819752931594849,0.044753752648830414,0.141810804605484,0.06061635538935661,0.9986032843589783,0.153034046292305,0.06605404615402222,0.9978722929954529,0.03495461866259575,0.015152732841670513,0.9998868107795715,3.172794818878174,1.376634120941162,0.05243906006217003,2.304748058319092,2.374213695526123,2.328853130340576,2.3088910579681396,2.3047478199005127,0.01590852439403534,0.011347293853759766,0.0033269072882831097,0.012923629023134708,True,9.015706062316895,3.111854076385498,0.9150254726409912,0.40339598059654236,0.9973649382591248
43,9,0.1,0.2252492904663086,2.5761821269989014,2.9557409286499023,2.9677319526672363,2.984562397003174,2.9526829719543457,2.9557409286499023,1.795270323753357,0.6058712005615234,0.7725422382354736,2.5625438690185547,0.8617373108863831,0.6168046593666077,2.5015571117401123,0.8458329439163208,0.6289165019989014,4.087220668792725,1.3828572034835815,0.04348275810480118,0.15170066058635712,0.06510704755783081,0.9981691241264343,0.1684877574443817,0.07276609539985657,0.997420072555542,0.05787527188658714,0.02516307681798935,0.9996848106384277,3.168912410736084,1.3765851259231567,0.05250656232237816,2.3020098209381104,2.358027935028076,2.3289313316345215,2.2980055809020996,2.3020098209381104,0.015904325991868973,0.012111842632293701,0.0033286777324974537,0.01293222140520811,True,8.988926887512207,3.0708062648773193,0.9115631580352783,0.4111599028110504,0.9961246848106384
43,10,0.1,0.2252492904663086,2.5897600650787354,2.949580669403076,2.975799083709717,2.9876112937927246,2.9543979167938232,2.949580669403076,1.7187044620513916,0.5789329409599304,0.7892652750015259,2.5744810104370117,0.8670114874839783,0.6141171455383301,2.5830891132354736,0.8735105395317078,0.6069239377975464,4.083852767944336,1.3846355676651,0.041064269840717316,0.21339771151542664,0.09176236391067505,0.996454656124115,0.18180806934833527,0.0788884088397026,0.9970625042915344,0.027396438643336296,0.011992774903774261,0.9999286532402039,3.1522016525268555,1.3806618452072144,0.04688647761940956,2.283109188079834,2.367985486984253,2.3261375427246094,2.285714864730835,2.283109188079834,-0.006499121896922588,-0.007193207740783691,0.0034177761990576982,0.013262644410133362,True,9.012086868286133,3.127319574356079,0.9157443046569824,0.4017615020275116,0.9949843883514404
43,11,0.1,0.2252492904663086,2.6093218326568604,2.956148147583008,2.9728827476501465,2.9811973571777344,2.9489340782165527,2.956148147583008,1.8826736211776733,0.6344013214111328,0.7614855766296387,2.597114086151123,0.8745838403701782,0.6071152687072754,2.5551538467407227,0.8645368218421936,0.6125994324684143,4.091574668884277,1.384011149406433,0.041874706745147705,0.22578635811805725,0.09717727452516556,0.9959878921508789,0.14942535758018494,0.06512308120727539,0.9979634284973145,0.04605642706155777,0.020225128158926964,0.9997978210449219,3.1436448097229004,1.3790119886398315,0.04916297644376755,2.2796356678009033,2.367260694503784,2.309377908706665,2.2747409343719482,2.2796356678009033,0.010046952404081821,0.005484163761138916,0.003381469054147601,0.013133935630321503,True,8.98232364654541,3.071136713027954,0.9122134447097778,0.40971532464027405,0.9913648366928101
43,12,0.1,0.2252492904663086,2.62304425239563,2.9549753665924072,2.9783918857574463,2.999911308288574,2.9446446895599365,2.9549753665924072,1.8626494407653809,0.6271751523017883,0.7691656351089478,2.653538227081299,0.8908044099807739,0.5948342084884644,2.545959949493408,0.862879753112793,0.6137510538101196,4.098411560058594,1.3869446516036987,0.037848565727472305,0.2705884575843811,0.1167851984500885,0.9940916299819946,0.23607920110225677,0.10302877426147461,0.9949101805686951,0.05200725048780441,0.0229924526065588,0.9997478127479553,3.1394295692443848,1.3845611810684204,0.04149523004889488,2.2674546241760254,2.3664965629577637,2.3153269290924072,2.2563998699188232,2.2674546241760254,0.027924662455916405,0.018916845321655273,0.0034993099980056286,0.01357079017907381,True,9.002582550048828,3.1334168910980225,0.9163365960121155,0.4004087746143341,0.9934254884719849
43,0,0.3,0.6757478713989258,2.243661642074585,3.170940637588501,2.9026505947113037,2.8631343841552734,3.171626567840576,3.170940637588501,1.9451028108596802,0.6391300559043884,0.7885544896125793,2.340585470199585,0.7756815552711487,0.7003999948501587,2.2329564094543457,0.7065352201461792,0.7490178942680359,4.397488594055176,1.3865041732788086,0.038437869399785995,0.5706890821456909,0.22571836411952972,0.9888179302215576,0.7027142643928528,0.27334824204444885,0.9714542031288147,0.026394305750727654,0.009617345407605171,0.9999547004699707,3.7870476245880127,1.3807960748672485,0.046701181679964066,2.7426552772521973,2.3139922618865967,2.398876190185547,2.7462408542633057,2.7426555156707764,0.06914635002613068,0.0486178994178772,0.02674892544746399,0.08851993083953857,True,8.950701713562012,3.083750009536743,0.9110621809959412,0.41226905584335327,0.9835251569747925
43,1,0.3,0.6757478713989258,2.106769561767578,2.9447245597839355,2.9205169677734375,3.047602415084839,2.9441280364990234,2.9447245597839355,1.6970778703689575,0.5783557891845703,0.8015509843826294,2.229489326477051,0.7441427111625671,0.718593418598175,2.2420494556427,0.7606595754623413,0.698715329170227,4.059642791748047,1.378514289855957,0.049518510699272156,0.18421752750873566,0.07710889726877213,0.9979157447814941,0.31893816590309143,0.12562574446201324,0.9951645731925964,0.035012662410736084,0.014342096634209156,0.9998983144760132,3.34057354927063,1.3694000244140625,0.062371812760829926,2.4394431114196777,2.338670492172241,2.6381492614746094,2.4430594444274902,2.4394431114196777,-0.016516853123903275,-0.019878089427947998,0.026437804102897644,0.08732778578996658,True,9.002618789672852,3.0579071044921875,0.9115614295005798,0.4111641049385071,0.9974404573440552
43,2,0.3,0.6757478713989258,2.3607428073883057,2.897559642791748,2.932063579559326,2.920111656188965,2.8999335765838623,2.897559642791748,1.5963082313537598,0.5483402013778687,0.8174586296081543,2.2925117015838623,0.7867879867553711,0.6802724599838257,2.200197696685791,0.7573972344398499,0.698931097984314,3.984264850616455,1.37515389919281,0.054194916039705276,0.23588091135025024,0.09987553209066391,0.9951016306877136,0.17094968259334564,0.0716283768415451,0.9974634647369385,0.030146604403853416,0.012667669914662838,0.9999215006828308,3.2489356994628906,1.3665125370025635,0.06632174551486969,2.3775382041931152,2.345959186553955,2.395700693130493,2.3820748329162598,2.377537965774536,0.029390819370746613,0.01865863800048828,0.02621762454509735,0.08673211187124252,True,8.996454238891602,3.045605421066284,0.9117239713668823,0.4108031988143921,0.993714451789856
43,3,0.3,0.6757478713989258,2.4432010650634766,2.909552574157715,2.9221556186676025,2.9131648540496826,2.9049086570739746,2.909552574157715,1.6469388008117676,0.5638831853866577,0.7992338538169861,2.337028741836548,0.8013832569122314,0.6678826808929443,2.2664151191711426,0.77803635597229,0.6816014647483826,4.009523391723633,1.378117561340332,0.050075460225343704,0.2061275988817215,0.08749338239431381,0.9962155222892761,0.17675581574440002,0.07485438883304596,0.9972094297409058,0.03460530936717987,0.01462491974234581,0.9998931884765625,3.242677688598633,1.3700233697891235,0.061517711728811264,2.366877555847168,2.3449671268463135,2.3557798862457275,2.3654983043670654,2.366877317428589,0.02334681525826454,0.013718783855438232,0.027168430387973785,0.08873475342988968,True,8.995214462280273,3.063093662261963,0.9102987051010132,0.41395193338394165,0.9965822100639343
43,4,0.3,0.6757478713989258,2.476780891418457,2.8990557193756104,2.9430577754974365,2.9253602027893066,2.897094249725342,2.8990557193756104,1.591882348060608,0.545269787311554,0.8104165196418762,2.3707776069641113,0.8128865957260132,0.6591750383377075,2.2537171840667725,0.776037335395813,0.6805593967437744,3.992368459701538,1.3772907257080078,0.05125216022133827,0.19295258820056915,0.082016222178936,0.9966464638710022,0.17666825652122498,0.07531988620758057,0.9971645474433899,0.031597573310136795,0.013473889790475368,0.9999111294746399,3.215583324432373,1.3698605298995972,0.06174109876155853,2.3473801612854004,2.3578498363494873,2.343764543533325,2.3428127765655518,2.3473801612854004,0.0368492566049099,0.021384358406066895,0.02709401398897171,0.08875414729118347,True,9.00903034210205,3.0696861743927,0.9127050042152405,0.4086190164089203,0.9949565529823303
43,5,0.3,0.6757478713989258,2.5038108825683594,2.909564733505249,2.930927038192749,2.9207639694213867,2.909417152404785,2.909564733505249,1.6096608638763428,0.5499253869056702,0.8020479679107666,2.391979217529297,0.8196922540664673,0.6515218019485474,2.31829833984375,0.7955605983734131,0.6672357320785522,4.015049934387207,1.3800307512283325,0.04743809625506401,0.16043581068515778,0.06841127574443817,0.9976804852485657,0.14710980653762817,0.06301677227020264,0.9980180859565735,0.03837576135993004,0.016433916985988617,0.9998672604560852,3.208160877227783,1.3723843097686768,0.058280620723962784,2.3376548290252686,2.352677583694458,2.331254720687866,2.3326575756073,2.3376548290252686,0.024131614714860916,0.015713930130004883,0.02769661508500576,0.08998704701662064,True,8.999860763549805,3.0666873455047607,0.9106678366661072,0.41313910484313965,0.9977743029594421
43,6,0.3,0.6757478713989258,2.5193936824798584,2.8991353511810303,2.9359474182128906,2.9243855476379395,2.8989040851593018,2.8991353511810303,1.5957926511764526,0.5466970801353455,0.804714560508728,2.403667449951172,0.8247361779212952,0.6486116647720337,2.3707733154296875,0.8163866996765137,0.6528076529502869,4.0000386238098145,1.379850149154663,0.04772406816482544,0.13815534114837646,0.05911027640104294,0.9984014630317688,0.1536836326122284,0.06623823195695877,0.9978095889091492,0.027897072955965996,0.012038545683026314,0.9999276399612427,3.1823604106903076,1.3734197616577148,0.05685906484723091,2.3171069622039795,2.3573877811431885,2.32322359085083,2.3175179958343506,2.3171069622039795,0.00834941491484642,0.004195988178253174,0.027812642976641655,0.09035632014274597,True,9.016875267028809,3.088559627532959,0.9139870405197144,0.40574339032173157,0.9964172840118408
43,7,0.3,0.6757478713989258,2.5413167476654053,2.908797264099121,2.928450584411621,2.935325860977173,2.9128589630126953,2.908797264099121,1.613530158996582,0.5529196858406067,0.7999295592308044,2.4312143325805664,0.8312749862670898,0.6436673998832703,2.398261070251465,0.8233235478401184,0.6475343108177185,4.0193939208984375,1.3818702697753906,0.04489241912961006,0.142020583152771,0.060941800475120544,0.9982718825340271,0.11627340316772461,0.05001717433333397,0.9988110661506653,0.04284590110182762,0.018502552062273026,0.9998347163200378,3.177825689315796,1.374662160873413,0.05515208840370178,2.311713933944702,2.3491456508636475,2.33762526512146,2.319636344909668,2.311713933944702,0.007951403968036175,0.003866910934448242,0.028061512857675552,0.09101244807243347,True,8.999180793762207,3.0661966800689697,0.9111177325248718,0.4121461808681488,0.9969711899757385
43,8,0.3,0.6757478713989258,2.5551834106445312,2.8992223739624023,2.935471534729004,2.928743600845337,2.9009649753570557,2.8992221355438232,1.575482964515686,0.539393424987793,0.8095844984054565,2.462528944015503,0.8444194793701172,0.6326343417167664,2.404960870742798,0.8286749124526978,0.6436762809753418,4.008074760437012,1.3825339078903198,0.04401451349258423,0.13771158456802368,0.05923556163907051,0.9986808896064758,0.14783188700675964,0.06421888619661331,0.9979878664016724,0.03363489359617233,0.014670918695628643,0.9998941421508789,3.1544854640960693,1.3771992921829224,0.05166099965572357,2.2905075550079346,2.3591177463531494,2.3134925365448,2.2947394847869873,2.2905075550079346,0.01574462652206421,0.01104193925857544,0.028251418843865395,0.09171042591333389,True,9.017987251281738,3.1063339710235596,0.9150563478469849,0.403326153755188,0.9975146055221558
43,9,0.3,0.6757478713989258,2.5761821269989014,2.9077303409576416,2.9212112426757812,2.9350714683532715,2.9042162895202637,2.9077305793762207,1.7282670736312866,0.5928729772567749,0.7807798385620117,2.4779176712036133,0.8473950028419495,0.6285558938980103,2.417856216430664,0.83128422498703,0.6405395269393921,4.02252197265625,1.3833861351013184,0.04278699308633804,0.14603139460086823,0.06305810809135437,0.9983032941818237,0.16338883340358734,0.07102199643850327,0.9975387454032898,0.0566159263253212,0.024769296869635582,0.9996950030326843,3.1503188610076904,1.3769744634628296,0.0519704595208168,2.287855386734009,2.343789577484131,2.3132216930389404,2.283604860305786,2.287855625152588,0.01611078344285488,0.011983633041381836,0.02827398106455803,0.09180780500173569,True,8.994075775146484,3.0651445388793945,0.911625325679779,0.4110223948955536,0.9964159727096558
43,10,0.3,0.6757478713989258,2.5897600650787354,2.900216817855835,2.928534984588623,2.9370532035827637,2.904200315475464,2.900216817855835,1.651723861694336,0.5657853484153748,0.7973237633705139,2.487863540649414,0.8523120880126953,0.626154899597168,2.496438980102539,0.8588682413101196,0.6190078258514404,4.017242908477783,1.3851827383041382,0.040340811014175415,0.20839589834213257,0.09018128365278244,0.9966027140617371,0.17612482607364655,0.0769314244389534,0.9972058534622192,0.026689324527978897,0.011759948916733265,0.9999313354492188,3.1331472396850586,1.3811213970184326,0.046251822263002396,2.2685530185699463,2.3531575202941895,2.3101956844329834,2.270467519760132,2.2685530185699463,-0.006556177511811256,-0.007147073745727539,0.028961684554815292,0.0934363603591919,True,9.013331413269043,3.120103359222412,0.9158499240875244,0.4015207290649414,0.9952443242073059
43,11,0.3,0.6757478713989258,2.6093218326568604,2.906860828399658,2.925755739212036,2.9303221702575684,2.9008870124816895,2.906860828399658,1.8105199337005615,0.6203736066818237,0.7704256772994995,2.5101661682128906,0.8599755167961121,0.6191739439964294,2.4698522090911865,0.849805474281311,0.6246005892753601,4.025185585021973,1.384600281715393,0.04109707474708557,0.2183120995759964,0.09455323964357376,0.9962355494499207,0.14513427019119263,0.06367001682519913,0.9980484247207642,0.04485434293746948,0.019817665219306946,0.9998053908348083,3.124884605407715,1.3793540000915527,0.04869123548269272,2.265469551086426,2.352290630340576,2.2934823036193848,2.261233329772949,2.265469551086426,0.010170004330575466,0.005426645278930664,0.028718598186969757,0.09315600991249084,True,8.988635063171387,3.064624309539795,0.9123082756996155,0.40950408577919006,0.9918832182884216
43,12,0.3,0.6757478713989258,2.62304425239563,2.903780698776245,2.9303972721099854,2.946733236312866,2.894343614578247,2.903780698776245,1.7899726629257202,0.6130403876304626,0.778104305267334,2.5621347427368164,0.8756103515625,0.6075708270072937,2.458203077316284,0.8478772044181824,0.6259995698928833,4.029026985168457,1.387447476387024,0.03718835860490799,0.263910710811615,0.11465729027986526,0.994343638420105,0.22961817681789398,0.10090754181146622,0.995115339756012,0.04971146211028099,0.022120874375104904,0.9997658133506775,3.1193649768829346,1.384918212890625,0.04100077226758003,2.2523820400238037,2.351088285446167,2.2986786365509033,2.242147922515869,2.2523820400238037,0.02773316577076912,0.0184287428855896,0.029620185494422913,0.09498849511146545,True,9.002799034118652,3.1251676082611084,0.9165111184120178,0.4000091850757599,0.9938631057739258
