t,epsilon_fraction,meanop_D_temporal_seedmean,meanop_D_temporal_seedmin,meanop_D_temporal_seedmax,meanop_R_temporal_seedmean,meanop_R_temporal_seedmin,meanop_R_temporal_seedmax,meanop_cos_temporal_seedmean,meanop_cos_temporal_seedmin,meanop_cos_temporal_seedmax,meanop_R_cross_time_radius_seedmean,meanop_R_cross_time_radius_seedmin,meanop_R_cross_time_radius_seedmax,meanop_cos_cross_time_radius_seedmean,meanop_cos_cross_time_radius_seedmin,meanop_cos_cross_time_radius_seedmax,meanop_R_same_time_radius_seedmean,meanop_R_same_time_radius_seedmin,meanop_R_same_time_radius_seedmax,meanop_cos_same_time_radius_seedmean,meanop_cos_same_time_radius_seedmin,meanop_cos_same_time_radius_seedmax,pair_R_cross_minus_same_seedmean,pair_R_cross_minus_same_seedmin,pair_R_cross_minus_same_seedmax,pair_cos_same_minus_cross_seedmean,pair_cos_same_minus_cross_seedmin,pair_cos_same_minus_cross_seedmax,native_response_norm_pair_mean_seedmean,native_response_norm_pair_mean_seedmin,native_response_norm_pair_mean_seedmax,convergence_rel_half_mean_seedmean,convergence_rel_half_mean_seedmin,convergence_rel_half_mean_seedmax,convergence_rel_double_mean_seedmean,convergence_rel_double_mean_seedmin,convergence_rel_double_mean_seedmax,stable_all_seeds,geometric_cell_all_seeds
0,0.001,0.7177429993947347,0.5831124782562256,0.8082854747772217,0.2729949355125427,0.22871914505958557,0.31867679953575134,0.9855722983678182,0.9815866947174072,0.9885486364364624,0.2523736506700516,0.17922945320606232,0.3001912236213684,0.97460009654363,0.9649345278739929,0.9882713556289673,0.014083778485655785,0.009966742247343063,0.02041473798453808,0.9999072949091593,0.9998381733894348,0.9999511241912842,0.06160833314061165,0.047810714691877365,0.06893585622310638,0.04686766862869263,0.0383642315864563,0.05305904150009155,3.4462366104125977,3.2287685871124268,3.6472537517547607,0.00018381746000765511,0.00017991535423789173,0.00018589833052828908,8.960398069272439e-05,8.508245809935033e-05,9.735903586260974e-05,True,False
1,0.001,0.3297366847594579,0.18919740617275238,0.5322303175926208,0.13537088284889856,0.07863799482584,0.2240476757287979,0.9910924434661865,0.9799060225486755,0.997800886631012,0.16725542147954306,0.12841343879699707,0.23385469615459442,0.9873422185579935,0.9739294052124023,0.9948927164077759,0.01741479306171338,0.014811431057751179,0.022426363080739975,0.9998460412025452,0.9997590184211731,0.9998912811279297,0.014548325600723425,-0.015840718522667885,0.05049046874046326,0.005976657072703044,-0.019788086414337158,0.03520280122756958,3.1708881855010986,2.995288372039795,3.3162519931793213,0.00021163610896716514,0.00020109380420763046,0.00022168367286212742,0.00010320299043087289,9.87763050943613e-05,0.00010619302338454872,True,False
2,0.001,0.2887039581934611,0.23212993144989014,0.39038148522377014,0.12176154305537541,0.09151177853345871,0.17136931419372559,0.9920807878176371,0.9855316877365112,0.995867133140564,0.10593507687250774,0.07269442826509476,0.14224812388420105,0.9939934412638346,0.9898859858512878,0.9973844289779663,0.017587206947306793,0.013105102814733982,0.022618146613240242,0.9998391469319662,0.9997448325157166,0.9999164938926697,0.03649694782992204,0.030272720381617546,0.040573980659246445,0.025650382041931152,0.01969212293624878,0.03068488836288452,3.1232985655466714,2.9471468925476074,3.268932819366455,0.0002205212319192166,0.00021070468937978148,0.00022994553728494793,0.000107043704095607,0.00010236506204819307,0.0001115425257012248,True,False
3,0.001,0.2735800544420878,0.2111319899559021,0.3537955582141876,0.11631549646457036,0.08898869156837463,0.15890565514564514,0.9929997523625692,0.9878547787666321,0.9960833787918091,0.11982971429824829,0.07650016248226166,0.18011339008808136,0.9918885827064514,0.9838022589683533,0.9970864057540894,0.018243822269141674,0.015209813602268696,0.0208041500300169,0.9998331268628439,0.9997895359992981,0.9998846650123596,0.0445773359388113,0.02374647930264473,0.08471202850341797,0.03148661057154337,0.014287412166595459,0.06126207113265991,3.082347551981608,2.9610955715179443,3.2541260719299316,0.0002303325163666159,0.000216928543522954,0.0002462443080730736,0.00011209744601122414,0.00010603640112094581,0.00011524324509082362,True,False
4,0.001,0.2661172499259313,0.19991908967494965,0.3342467248439789,0.11176079014937083,0.08436231315135956,0.1472715586423874,0.9934374888737997,0.9892209768295288,0.9964538216590881,0.11740454037984212,0.0771852508187294,0.16295327246189117,0.9928055206934611,0.9872233867645264,0.9970220923423767,0.01647122421612342,0.01087209489196539,0.0246858149766922,0.9998533725738525,0.99970942735672,0.9999451637268066,0.03654340095818043,0.010638127103447914,0.06167662516236305,0.02482338746388753,0.00827401876449585,0.04410362243652344,3.1448346773783364,2.950080394744873,3.311439037322998,0.00023186531810400388,0.00021706866391468793,0.0002463524288032204,0.0001127042463243318,0.00010809301602421328,0.00011610299407038838,True,False
5,0.001,0.27023033301035565,0.16474923491477966,0.37552815675735474,0.1155847857395808,0.06975454837083817,0.17110975086688995,0.9931249221165975,0.9873815178871155,0.9975889325141907,0.11100550989309947,0.06424852460622787,0.1661035269498825,0.9932973186175028,0.9868265986442566,0.9979395866394043,0.016722962260246277,0.016384731978178024,0.01695314608514309,0.9998620549837748,0.9998562932014465,0.9998692870140076,0.03796999901533127,0.02448304183781147,0.06270287185907364,0.027640779813130695,0.016251862049102783,0.046704113483428955,3.1056087017059326,2.9622857570648193,3.3448853492736816,0.00023442954504086325,0.00022173134493641555,0.00025043636560440063,0.00011447048260985564,0.00010766101331682876,0.00011861821985803545,True,False
6,0.001,0.24223671356836954,0.1430743932723999,0.3143092691898346,0.10175948590040207,0.06077872961759567,0.1363493651151657,0.9947671095530192,0.9909641146659851,0.9983080625534058,0.12733801951011023,0.06833261251449585,0.20387010276317596,0.9913695653279623,0.9823157787322998,0.9976692795753479,0.01373268198221922,0.012438037432730198,0.015104045160114765,0.9999077518781027,0.999890148639679,0.9999226927757263,0.020020874527593453,0.008343377150595188,0.04265952855348587,0.014114201068878174,0.0034332275390625,0.03413569927215576,3.1313236554463706,2.951719045639038,3.232856512069702,0.00023577280323176333,0.00022262534184847027,0.000251776073127985,0.00011469741730252281,0.00010801763710333034,0.00011864987027365714,True,False
7,0.001,0.2661347836256027,0.1472097784280777,0.39059144258499146,0.11472930510838826,0.06272619962692261,0.17722272872924805,0.993003229300181,0.9848431348800659,0.9981635212898254,0.10462023814519246,0.051735252141952515,0.1698455959558487,0.9934902588526408,0.9859132170677185,0.9987302422523499,0.02030195730427901,0.018871070817112923,0.022988082841038704,0.9997955163319906,0.999736487865448,0.9998252391815186,0.010284090104202429,-0.004261426627635956,0.027155067771673203,0.004960874716440837,-0.004006028175354004,0.014916658401489258,3.087593158086141,2.962435245513916,3.2148144245147705,0.0002373342188851287,0.0002272426208946854,0.0002476335212122649,0.00011544098136558507,0.00010997866047546268,0.00012071063974872231,True,False
8,0.001,0.26008594036102295,0.14234659075737,0.35909733176231384,0.11006721605857213,0.060796305537223816,0.15728546679019928,0.9937843084335327,0.9884850382804871,0.9985929131507874,0.11086896061897278,0.06629678606987,0.1705576777458191,0.9937756856282552,0.9879816770553589,0.9978570342063904,0.019167424800495308,0.015216895379126072,0.022321734577417374,0.9998251795768738,0.9997589588165283,0.9998858571052551,0.02389245169858138,0.01592729240655899,0.03334932029247284,0.017375866572062176,0.011388123035430908,0.026146769523620605,3.126124540964762,2.953150987625122,3.2171053886413574,0.00023978483416916183,0.0002269402757519856,0.000256963015999645,0.00011677540654394154,0.00010939931962639093,0.00012105463247280568,True,False
9,0.001,0.2667480359474818,0.15245883166790009,0.3810347616672516,0.11421038458744685,0.06538131833076477,0.17173615097999573,0.9928390582402548,0.9858589172363281,0.9981512427330017,0.0990871066848437,0.07299661636352539,0.1328526884317398,0.9949038426081339,0.9914121627807617,0.9974042773246765,0.023170010497172672,0.014176016673445702,0.03011973947286606,0.999726414680481,0.9995942115783691,0.9999014735221863,0.024863932902614277,0.011008331552147865,0.04771580919623375,0.018493394056955974,0.007405757904052734,0.03595268726348877,3.1326451301574707,2.962127923965454,3.2987730503082275,0.00023761341193070015,0.0002296397287864238,0.000248757132794708,0.00011586953041842207,0.00010911405115621164,0.00012250564759597182,True,False
10,0.001,0.251871719956398,0.21404767036437988,0.3105715811252594,0.1077345758676529,0.09031284600496292,0.1409241259098053,0.9946523110071818,0.9915998578071594,0.996435284614563,0.09779277195533116,0.07914407551288605,0.11178894340991974,0.9954307277997335,0.9937707185745239,0.9970433712005615,0.013217637625833353,0.012026799842715263,0.015169139951467514,0.9999122222264608,0.9998857378959656,0.9999284744262695,-5.2638507137695946e-05,-0.00649662408977747,0.008211917243897915,-0.001568913459777832,-0.007201194763183594,0.005521714687347412,3.127235015233358,2.956178665161133,3.343857526779175,0.0002416938223177567,0.00023025860718917102,0.000261002394836396,0.00011817277118097991,0.00010870055120903999,0.0001232420327141881,True,False
11,0.001,0.339208260178566,0.22677744925022125,0.4763529300689697,0.145671509206295,0.09752517193555832,0.21512897312641144,0.988482673962911,0.9770002961158752,0.9959549307823181,0.13455517093340555,0.06531883776187897,0.22066374123096466,0.9889100193977356,0.9756789803504944,0.9979519248008728,0.022601199025909107,0.019845932722091675,0.027676429599523544,0.9997421105702718,0.9996176958084106,0.9998118877410889,0.014458990034957727,0.006742491386830807,0.026606829836964607,0.010338922341664633,0.002805173397064209,0.022719860076904297,3.133004983266195,2.962707042694092,3.290712833404541,0.000241561831595997,0.00023356944439001381,0.00025504492805339396,0.00011806531983893365,0.00010940567881334573,0.00012470778892748058,True,False
12,0.001,0.37184547384579975,0.2714577913284302,0.5024921894073486,0.16375737637281418,0.11706056445837021,0.2361520677804947,0.9882628122965494,0.9779596328735352,0.99405837059021,0.13600199421246847,0.10330303013324738,0.1755886822938919,0.9909759958585104,0.9858629703521729,0.9948834180831909,0.021632862587769825,0.019529251381754875,0.0231152456253767,0.9997750123341879,0.9997450709342957,0.9998146295547485,0.017907567632695038,-0.0021890653297305107,0.02796739712357521,0.011454403400421143,-0.002050936222076416,0.018978476524353027,3.0350688298543296,2.9617726802825928,3.181593656539917,0.0002450958175662284,0.00023269638768397272,0.00026392051950097084,0.00011992081272182986,0.00011060870747314766,0.00012502953177317977,True,False
0,0.003,0.717736025651296,0.5831072330474854,0.8082736730575562,0.2729961425065994,0.22872067987918854,0.31867972016334534,0.9855724374453226,0.9815870523452759,0.9885486960411072,0.2523725728193919,0.1792294681072235,0.3001898229122162,0.9746003945668539,0.9649348855018616,0.9882714152336121,0.01408376389493545,0.009966698475182056,0.020414670929312706,0.999907374382019,0.9998382925987244,0.9999511241912842,0.061608130733172096,0.04781071096658707,0.06893537193536758,0.0468674103418986,0.03836417198181152,0.05305856466293335,3.4461883703867593,3.228717803955078,3.647240161895752,6.153043553543587e-05,5.869075539521873e-05,6.390684575308114e-05,3.3192866491541885e-05,3.176921381964348e-05,3.4201213566120714e-05,True,False
1,0.003,0.329733540614446,0.18920034170150757,0.532219409942627,0.1353718489408493,0.07864030450582504,0.2240486592054367,0.9910924633344015,0.9799062013626099,0.997800886631012,0.1672547608613968,0.12841284275054932,0.23385417461395264,0.9873422980308533,0.9739295840263367,0.9948927164077759,0.017414762328068416,0.014811423607170582,0.022426234558224678,0.9998460610707601,0.9997590184211731,0.9998913407325745,0.0145485516016682,-0.015839898958802223,0.05049003288149834,0.0059767961502075195,-0.01978754997253418,0.03520238399505615,3.1708449522654214,2.995248556137085,3.3162412643432617,7.030575216049328e-05,6.950245006009936e-05,7.084211392793804e-05,3.708724276899981e-05,3.4930439142044634e-05,3.944043783121742e-05,True,False
2,0.003,0.28869786361853284,0.2321275770664215,0.39037013053894043,0.1217610090970993,0.09151100367307663,0.1713687628507614,0.9920809467633566,0.9855319857597351,0.9958671927452087,0.10593484838803609,0.07269467413425446,0.14224748313426971,0.9939934015274048,0.9898859858512878,0.9973843097686768,0.01758719390879075,0.01310527604073286,0.022617818787693977,0.9998391469319662,0.9997447729110718,0.9999164938926697,0.03649664173523585,0.030272595584392548,0.04057355970144272,0.02565006415049235,0.019691824913024902,0.03068453073501587,3.1232498486836753,2.9470975399017334,3.2689223289489746,7.346543619253983e-05,7.334520341828465e-05,7.357774302363396e-05,3.869528639673566e-05,3.656960325315595e-05,4.132112371735275e-05,True,False
3,0.003,0.27357599635918933,0.2111278623342514,0.35378792881965637,0.11631564050912857,0.08898839354515076,0.15890634059906006,0.9929996530214945,0.9878547191619873,0.9960833191871643,0.11982990304629008,0.07650037109851837,0.18011362850666046,0.9918886025746664,0.9838022589683533,0.9970865249633789,0.018243775703012943,0.015209662728011608,0.02080456353724003,0.9998331069946289,0.9997894167900085,0.9998846054077148,0.04457745204369227,0.023746799677610397,0.08471158146858215,0.0314865509668986,0.01428765058517456,0.061261534690856934,3.0822977224985757,2.9610421657562256,3.2541158199310303,7.675460316628839e-05,7.567509601358324e-05,7.802900654496625e-05,3.992814769541534e-05,3.7816367694176733e-05,4.2628918890841305e-05,True,False
4,0.003,0.26611197491486865,0.19991351664066315,0.33423668146133423,0.11176033318042755,0.08436138927936554,0.14727099239826202,0.9934376080830892,0.9892209768295288,0.9964541792869568,0.11740438640117645,0.07718491554260254,0.16295282542705536,0.9928056796391805,0.9872236847877502,0.997022271156311,0.01647080418964227,0.010871967300772667,0.02468493953347206,0.9998535513877869,0.9997096061706543,0.999945342540741,0.036543224627772965,0.010637542232871056,0.06167643517255783,0.02482326825459798,0.008273601531982422,0.04410344362258911,3.144781748453776,2.9500250816345215,3.3114266395568848,7.696063403273001e-05,7.585488492622972e-05,7.760208973195404e-05,4.030792236638566e-05,3.7918765883659944e-05,4.305706897866912e-05,True,False
5,0.003,0.27022603154182434,0.16474580764770508,0.37551960349082947,0.11558482050895691,0.06975427269935608,0.17111031711101532,0.9931249419848124,0.9873815774917603,0.9975889325141907,0.11100541551907857,0.06424849480390549,0.16610361635684967,0.993297298749288,0.9868266582489014,0.99793940782547,0.016722713286677997,0.01638447865843773,0.016952667385339737,0.9998620351155599,0.999856173992157,0.9998693466186523,0.03796975562969843,0.024483025074005127,0.06270260363817215,0.027640581130981445,0.016251742839813232,0.04670405387878418,3.105557918548584,2.962229013442993,3.3448750972747803,7.81776470830664e-05,7.752617966616526e-05,7.926406397018582e-05,4.085893063650777e-05,3.8630940252915025e-05,4.3633968743961304e-05,True,False
6,0.003,0.24223258594671884,0.14307181537151337,0.3143001198768616,0.10175930460294087,0.06077868491411209,0.13634897768497467,0.9947670300801595,0.9909639954566956,0.9983080625534058,0.1273378183444341,0.06833327561616898,0.20386900007724762,0.9913695851961771,0.9823159575462341,0.9976692199707031,0.013732618341843287,0.012438117526471615,0.015104035846889019,0.9999076326688131,0.9998900294303894,0.9999225735664368,0.02002082671970129,0.008343546651303768,0.0426592081785202,0.014114141464233398,0.003433406352996826,0.034135401248931885,3.1312700112660727,2.95166277885437,3.2328457832336426,7.854144981441398e-05,7.784382614772767e-05,7.98133114585653e-05,4.0835670612674825e-05,3.890147490892559e-05,4.38838433183264e-05,True,False
7,0.003,0.26613010962804157,0.1472070813179016,0.39058029651641846,0.11472917596499126,0.06272610276937485,0.17722231149673462,0.9930032889048258,0.9848433136940002,0.9981634616851807,0.10461977496743202,0.05173488333821297,0.16984516382217407,0.9934902588526408,0.9859132766723633,0.9987303018569946,0.02030177041888237,0.018870757892727852,0.022988228127360344,0.9997955759366354,0.999736487865448,0.9998254179954529,0.010284064803272486,-0.004261605907231569,0.027154836803674698,0.004960894584655762,-0.004006087779998779,0.014916419982910156,3.087540785471598,2.9623780250549316,3.2148032188415527,7.891693773368995e-05,7.861710764700547e-05,7.912512955954298e-05,4.120995193564644e-05,3.958323577535339e-05,4.3426956835901365e-05,True,False
8,0.003,0.26008140047391254,0.14234670996665955,0.35908493399620056,0.11006705711285274,0.06079740822315216,0.15728424489498138,0.9937843680381775,0.9884850382804871,0.9985929727554321,0.11086864521106084,0.06629664450883865,0.17055703699588776,0.9937757651011149,0.9879817366600037,0.9978570342063904,0.019167283549904823,0.015216801315546036,0.022321319207549095,0.9998252391815186,0.9997589588165283,0.9998858571052551,0.023892587050795555,0.015927160158753395,0.03334939852356911,0.017375906308492024,0.011387825012207031,0.02614670991897583,3.1260693868001304,2.953092336654663,3.2170088291168213,7.981604479330902e-05,7.893452129792422e-05,8.136881660902873e-05,4.149157272574181e-05,3.953837222070433e-05,4.477678521652706e-05,True,False
9,0.003,0.2667430490255356,0.1524551957845688,0.3810240626335144,0.11421010891596477,0.06538084894418716,0.17173589766025543,0.9928389588991801,0.9858588576316833,0.9981510639190674,0.09908688068389893,0.07299572974443436,0.1328529417514801,0.9949037233988444,0.9914118647575378,0.9974042773246765,0.023169752520819504,0.014175946824252605,0.030119063332676888,0.9997262954711914,0.9995940923690796,0.9999012351036072,0.024863373177746933,0.011008146218955517,0.04771556705236435,0.018492897351582844,0.007405638694763184,0.03595227003097534,3.1325924396514893,2.9620707035064697,3.2987639904022217,7.950273720780388e-05,7.866973464842886e-05,8.064154098974541e-05,4.168529994785786e-05,4.0147133404389024e-05,4.4363117922330275e-05,True,False
10,0.003,0.2518678605556488,0.21404485404491425,0.3105626106262207,0.10773468762636185,0.09031307697296143,0.14092381298542023,0.9946523110071818,0.9915999174118042,0.996435284614563,0.09779267758131027,0.07914406806230545,0.1117888018488884,0.9954306681950887,0.9937706589698792,0.9970433712005615,0.013217455086608728,0.012026787735521793,0.015169092454016209,0.9999122619628906,0.9998859167098999,0.9999284148216248,-5.286520657440027e-05,-0.006496967747807503,0.008211938664317131,-0.0015690525372823079,-0.0072016119956970215,0.005521714687347412,3.127181609471639,2.9561197757720947,3.3438472747802734,8.053173223743215e-05,7.78115208959207e-05,8.327219256898388e-05,4.19749582457977e-05,4.0163955418393016e-05,4.555623308988288e-05,True,False
11,0.003,0.3392026325066884,0.22677570581436157,0.4763414263725281,0.14567160358031592,0.09752610325813293,0.2151295244693756,0.9884827534357706,0.9770004749298096,0.9959548115730286,0.134554793437322,0.06531857699155807,0.22066406905651093,0.9889100392659506,0.9756788015365601,0.997951865196228,0.02260115308066209,0.019845658913254738,0.027676410973072052,0.9997421701749166,0.9996179342269897,0.9998119473457336,0.014459218674649795,0.006741985213011503,0.02660747990012169,0.010339240233103434,0.0028049349784851074,0.0227205753326416,3.1329500675201416,2.9626479148864746,3.2907018661499023,8.079272326237212e-05,7.889194966992363e-05,8.175995026249439e-05,4.222779413491177e-05,4.0638609789311886e-05,4.534628533292562e-05,True,False
12,0.003,0.37183857957522076,0.2714533507823944,0.50247722864151,0.1637571007013321,0.11706073582172394,0.23615135252475739,0.9882629116376241,0.9779598116874695,0.9940584301948547,0.13600153475999832,0.10330318659543991,0.17558760941028595,0.9909759561220804,0.9858630895614624,0.9948832988739014,0.021632658938566845,0.019529063254594803,0.023115113377571106,0.9997750719388326,0.9997450709342957,0.9998147487640381,0.017907802015542984,-0.002189081162214279,0.02796761319041252,0.011454582214355469,-0.0020508170127868652,0.01897871494293213,3.0350157419840493,2.961686134338379,3.181584358215332,8.17620093584992e-05,7.965492841321975e-05,8.41689616208896e-05,4.2430610240747534e-05,4.0583621739642695e-05,4.603053457685746e-05,True,False
0,0.01,0.7177136540412903,0.5830923914909363,0.8082490563392639,0.27299047509829205,0.22871777415275574,0.31867071986198425,0.9855731328328451,0.9815879464149475,0.9885491132736206,0.2523667613665263,0.17922455072402954,0.30018213391304016,0.9746014277140299,0.9649365544319153,0.9882718324661255,0.0140831358730793,0.009966276586055756,0.020413853228092194,0.9999072949091593,0.9998381733894348,0.9999511241912842,0.06160919616619746,0.047812074422836304,0.06893628090620041,0.04686667521794637,0.03836327791213989,0.053057968616485596,3.4461015860239663,3.2286431789398193,3.6471199989318848,4.3574117929286636e-05,3.5908793506678194e-05,4.859186810790561e-05,0.00015499754711830369,0.00012478229473344982,0.00017030334856826812,True,False
1,0.01,0.32972612977027893,0.18919527530670166,0.5322091579437256,0.13536965350310007,0.07863908261060715,0.2240443378686905,0.9910929203033447,0.9799070954322815,0.9978011846542358,0.16725131372610727,0.12840978801250458,0.23385083675384521,0.9873427152633667,0.9739302396774292,0.994892954826355,0.017413979085783165,0.014810743741691113,0.02242540568113327,0.9998460610707601,0.9997590184211731,0.9998912811279297,0.014548010192811489,-0.015840522944927216,0.050489895045757294,0.005976120630900065,-0.01978766918182373,0.03520113229751587,3.1707719961802163,2.9951839447021484,3.316138744354248,4.378374796942808e-05,3.678369102999568e-05,4.788340083905496e-05,0.0001495551405241713,0.0001240139827132225,0.00016394397243857384,True,False
2,0.01,0.28868839144706726,0.23211854696273804,0.3903604745864868,0.12175783763329188,0.0915088802576065,0.17136429250240326,0.9920813242594401,0.9855327606201172,0.9958674311637878,0.10593219598134358,0.07269333302974701,0.14224335551261902,0.9939936598141988,0.989886462688446,0.9973843693733215,0.017586509386698406,0.013104813173413277,0.02261660248041153,0.999839206536611,0.9997449517250061,0.9999164342880249,0.03649614006280899,0.030271682888269424,0.0405731238424778,0.02564917008082072,0.019690752029418945,0.030683517456054688,3.1231751441955566,2.9470324516296387,3.2688169479370117,4.6246474084910005e-05,3.71820897271391e-05,5.198975122766569e-05,0.00015798228074951717,0.0001226686144946143,0.00018673823797143996,True,False
3,0.01,0.2735689729452133,0.21112196147441864,0.3537808060646057,0.11631345997254054,0.08898691833019257,0.1589028388261795,0.9929999907811483,0.9878553748130798,0.9960834980010986,0.11982701967159907,0.07649866491556168,0.1801091879606247,0.9918890595436096,0.9838031530380249,0.9970867037773132,0.01824282668530941,0.015208976343274117,0.02080310881137848,0.9998332063357035,0.9997895359992981,0.9998846650123596,0.04457724094390869,0.023746289312839508,0.08471160382032394,0.03148577610651652,0.014286994934082031,0.061260342597961426,3.0822249253590903,2.96097469329834,3.2540087699890137,4.605079933147257e-05,3.8696874980814755e-05,5.087583849672228e-05,0.00015467557144196084,0.00012786086881533265,0.00016815969138406217,True,False
4,0.01,0.2661026865243912,0.19990481436252594,0.3342301845550537,0.11175728340943654,0.08435869216918945,0.1472678780555725,0.9934379657109579,0.989221453666687,0.9964544177055359,0.11740133166313171,0.07718271017074585,0.16294880211353302,0.9928059776624044,0.9872242212295532,0.9970223903656006,0.016470252846678097,0.010871533304452896,0.02468411810696125,0.9998534917831421,0.9997095465660095,0.9999452233314514,0.03654396068304777,0.010638275183737278,0.06167834624648094,0.02482326825459798,0.008273959159851074,0.04410386085510254,3.1447055339813232,2.949957847595215,3.3113186359405518,4.778030051966198e-05,3.861106961267069e-05,5.330807834980078e-05,0.00016233452576367804,0.0001273296365980059,0.00019004789646714926,True,False
5,0.01,0.2702188690503438,0.16474026441574097,0.37551453709602356,0.11558256546656291,0.06975273042917252,0.17110763490200043,0.9931251009305319,0.9873818159103394,0.9975889325141907,0.11100286742051442,0.06424693763256073,0.16610021889209747,0.9932975769042969,0.9868271946907043,0.99793940782547,0.01672191545367241,0.016383901238441467,0.016951315104961395,0.9998620351155599,0.999856173992157,0.9998694658279419,0.037969653805096946,0.02448263019323349,0.06270214170217514,0.027640084425608318,0.01625114679336548,0.046703040599823,3.1054811477661133,2.9621596336364746,3.3447608947753906,4.761516053501206e-05,3.9620190364075825e-05,5.2874911489197984e-05,0.0001612018677406013,0.00013064316590316594,0.00017649518849793822,True,False
6,0.01,0.2422246833642324,0.14306578040122986,0.3142922520637512,0.10175678630669911,0.06077682226896286,0.1363455206155777,0.9947673678398132,0.9909646511077881,0.9983081817626953,0.1273349622885386,0.06833090633153915,0.20386551320552826,0.9913699229558309,0.9823166131973267,0.9976693987846375,0.013731851242482662,0.012437639757990837,0.015102770179510117,0.999907652537028,0.9998900294303894,0.9999227523803711,0.020021008948485058,0.008343188092112541,0.042660947889089584,0.014113922913869223,0.0034331679344177246,0.03413569927215576,3.131192366282145,2.9515926837921143,3.2327401638031006,4.768767272859501e-05,3.965120413340628e-05,5.2430055802688e-05,0.00016092638058277467,0.00013110440340824425,0.00018438600818626583,True,False
7,0.01,0.26612259447574615,0.14720098674297333,0.390573650598526,0.1147266502181689,0.06272422522306442,0.17721885442733765,0.9930035869280497,0.984843909740448,0.9981635212898254,0.10461665938297908,0.0517331138253212,0.1698397547006607,0.9934906959533691,0.9859139919281006,0.9987304210662842,0.020301035915811855,0.018870102241635323,0.02298728935420513,0.9997956156730652,0.9997365474700928,0.9998254179954529,0.010284226853400469,-0.004261233378201723,0.02715483494102955,0.004960874716440837,-0.0040056705474853516,0.014916002750396729,3.0874640941619873,2.9623074531555176,3.214695453643799,4.822541450266726e-05,4.0060556784737855e-05,5.2699546358780935e-05,0.00016320251355258128,0.00013245019363239408,0.00018722230743151158,True,False
8,0.01,0.26007074614365894,0.14234130084514618,0.3590690791606903,0.11006340011954308,0.060795802623033524,0.15727737545967102,0.9937848051389059,0.9884861707687378,0.9985930323600769,0.1108650490641594,0.06629462540149689,0.17054997384548187,0.9937761425971985,0.9879825711250305,0.9978571534156799,0.019166553393006325,0.015216207131743431,0.02232055924832821,0.999825119972229,0.9997587203979492,0.9998857378959656,0.023892469083269436,0.015926936641335487,0.03334898501634598,0.017375469207763672,0.011387467384338379,0.02614569664001465,3.1259891192118325,2.9530208110809326,3.216945171356201,4.7933945703941085e-05,4.045347304781899e-05,5.316472379490733e-05,0.00016060697574478885,0.0001332291285507381,0.00018587159866001457,True,False
9,0.01,0.2667357474565506,0.15244780480861664,0.3810194432735443,0.11420781910419464,0.06537843495607376,0.17173360288143158,0.9928391774495443,0.9858591556549072,0.9981511831283569,0.09908478210369746,0.07299360632896423,0.13285093009471893,0.9949040015538534,0.9914122819900513,0.9974043965339661,0.02316892488549153,0.014175218529999256,0.030117804184556007,0.999726414680481,0.9995941519737244,0.9999014139175415,0.02486466554303964,0.01100972481071949,0.04771748557686806,0.01849311590194702,0.007406473159790039,0.03595215082168579,3.13251002629598,2.961998224258423,3.2986512184143066,4.9964190111495554e-05,4.055345198139548e-05,5.713255814043805e-05,0.00017062818612127254,0.00013325711188372225,0.00020625173056032509,True,False
10,0.01,0.25186005731423694,0.21403811872005463,0.3105582594871521,0.10773226122061412,0.0903097465634346,0.1409216821193695,0.9946527282396952,0.991600513458252,0.9964355826377869,0.0977901741862297,0.07914169132709503,0.11178692430257797,0.9954309662183126,0.9937710165977478,0.9970434904098511,0.013216814336677393,0.012026388198137283,0.015168234705924988,0.9999121824900309,0.9998857975006104,0.9999282956123352,-5.2590854465961456e-05,-0.00649673119187355,0.008213070221245289,-0.0015687743822733562,-0.007201254367828369,0.005522668361663818,3.127101023991903,2.9560465812683105,3.3437340259552,4.832725001809498e-05,4.13998932344839e-05,5.215485725784674e-05,0.00016262682038359344,0.00013691438653040677,0.00018086525960825384,True,False
11,0.01,0.3391911139090856,0.2267657369375229,0.47633084654808044,0.14566765477259955,0.09752295911312103,0.21512441337108612,0.9884832501411438,0.977001428604126,0.9959550499916077,0.1345519721508026,0.06531669199466705,0.22065983712673187,0.9889104167620341,0.9756796360015869,0.9979519844055176,0.02260042354464531,0.01984485797584057,0.02767547219991684,0.9997421304384867,0.9996177554130554,0.9998119473457336,0.014460210222750902,0.0067430720664560795,0.026609297841787338,0.010339657465616861,0.0028058290481567383,0.022721171379089355,3.1328691641489663,2.962573766708374,3.290595054626465,5.011530204986533e-05,4.1274732211604714e-05,5.7144810853060335e-05,0.0001707129073717321,0.00013536658661905676,0.00020445720292627811,True,False
12,0.01,0.3718265891075134,0.2714444398880005,0.5024656057357788,0.16375301281611124,0.11705832183361053,0.2361455261707306,0.9882636666297913,0.9779611229896545,0.9940589070320129,0.13599777718385062,0.10330046713352203,0.17558324337005615,0.9909765521685282,0.985863983631134,0.9948837161064148,0.021631684775153797,0.019527997821569443,0.023113885894417763,0.9997750520706177,0.9997451305389404,0.9998146295547485,0.01790759712457657,-0.0021888017654418945,0.027966897934675217,0.011454145113627115,-0.00205075740814209,0.01897817850112915,3.0349389712015786,2.9616336822509766,3.181483268737793,4.850237746722996e-05,4.221960625727661e-05,5.313975998433307e-05,0.00016237173501091698,0.00014008958532940596,0.0001848222891567275,True,False
0,0.03,0.7175265947977701,0.5829809308052063,0.8080227375030518,0.27294249335924786,0.22869068384170532,0.3186081647872925,0.9855794509251913,0.9815981388092041,0.988551676273346,0.2523169418176015,0.17918559908866882,0.30011022090911865,0.9746103286743164,0.9649509787559509,0.9882765412330627,0.014077559113502502,0.009962928481400013,0.020406175404787064,0.9999073346455892,0.9998383522033691,0.9999510645866394,0.061618453512589134,0.04782405123114586,0.06894200295209885,0.04685999949773153,0.038355469703674316,0.0530509352684021,3.445385217666626,3.228109359741211,3.646270751953125,0.0003498856191678594,0.0002834007318597287,0.0003846398612949997,0.0013928874007736642,0.0011274222051724792,0.0015327832661569118,True,False
1,0.03,0.32965725163618725,0.18914853036403656,0.5321003198623657,0.13535040616989136,0.07862450182437897,0.22401322424411774,0.9910958607991537,0.9799137711524963,0.9978020787239075,0.16721984247366586,0.1283835470676422,0.2338188886642456,0.9873469074567159,0.9739369750022888,0.9948955774307251,0.01740788792570432,0.014806175604462624,0.022418726235628128,0.9998462001482645,0.9997592568397522,0.999891459941864,0.014543387728432814,-0.0158463716506958,0.05048837885260582,0.005971014499664307,-0.019788503646850586,0.03519028425216675,3.1701675256093345,2.99471378326416,3.315441370010376,0.00033744681665363413,0.00028094835579395294,0.0003680594963952899,0.0013433267595246434,0.001117885229177773,0.0014638504944741726,True,False
2,0.03,0.28860734899838764,0.23205605149269104,0.3902507424354553,0.12173141539096832,0.09149064868688583,0.1713266223669052,0.9920849998792013,0.9855396151542664,0.9958691596984863,0.10590925564368565,0.07268386334180832,0.14220602810382843,0.9939965009689331,0.9898918867111206,0.9973851442337036,0.017580081708729267,0.013100451789796352,0.0226055309176445,0.9998393853505453,0.9997451901435852,0.999916672706604,0.036491766571998596,0.03026312217116356,0.04057032987475395,0.02564104398091634,0.019680798053741455,0.030675292015075684,3.1225548585255942,2.94657301902771,3.26811146736145,0.00035689874008918804,0.0002785188553389162,0.0004198325041215867,0.0014202083693817258,0.0011075413785874844,0.0016690765041857958,True,False
3,0.03,0.2735085040330887,0.21107663214206696,0.35369673371315,0.11629502475261688,0.088973268866539,0.15887433290481567,0.9930022160212199,0.9878594279289246,0.9960848689079285,0.11980314801136653,0.07648349553346634,0.18007200956344604,0.9918923179308573,0.9838098287582397,0.9970878958702087,0.018234194566806156,0.015202969312667847,0.020790504291653633,0.999833325544993,0.9997895956039429,0.9998849630355835,0.04457549750804901,0.02374267578125,0.08471131324768066,0.031478544076283775,0.014281809329986572,0.061248779296875,3.0816171964009604,2.9604952335357666,3.2532894611358643,0.0003494409708461414,0.00029026958509348333,0.00038025237154215574,0.0013905504407982032,0.0011542015708982944,0.0015153768472373486,True,False
4,0.03,0.26602241893609363,0.19984059035778046,0.3341493010520935,0.1117312361796697,0.08433692902326584,0.14724156260490417,0.9934409459431967,0.9892256855964661,0.9964561462402344,0.11737487713495891,0.07716567814350128,0.16291262209415436,0.9928094943364462,0.9872304201126099,0.9970236420631409,0.016464886566003162,0.010866918601095676,0.024676183238625526,0.9998536507288615,0.9997097849845886,0.9999454021453857,0.03654889203608036,0.010642478242516518,0.061692975461483,0.02482205629348755,0.008275151252746582,0.044105589389801025,3.144062121709188,2.9494845867156982,3.3105907440185547,0.0003666508127935231,0.00028906684019602835,0.00042705790838226676,0.0014587227487936616,0.001149310264736414,0.0016974647296592593,True,False
5,0.03,0.2701573719580968,0.16470123827457428,0.37544524669647217,0.11556394894917806,0.06974049657583237,0.17108578979969025,0.9931269884109497,0.9873842597007751,0.9975897669792175,0.11098100244998932,0.06423548609018326,0.1660696566104889,0.9933001597722372,0.9868316054344177,0.9979402422904968,0.016714791456858318,0.016377536579966545,0.01694008708000183,0.999862273534139,0.9998566508293152,0.9998694658279419,0.03796792030334473,0.024479364976286888,0.06269730627536774,0.027635037899017334,0.016246020793914795,0.046693503856658936,3.1048452854156494,2.961669683456421,3.3439888954162598,0.00036409933818504214,0.0002967068285215646,0.000399274576921016,0.0014487392036244273,0.0011794234160333872,0.0015908454079180956,True,False
6,0.03,0.2421537091334661,0.1430206447839737,0.3141959309577942,0.10173398753007253,0.060761429369449615,0.13631382584571838,0.9947697520256042,0.9909687042236328,0.9983091950416565,0.12731026113033295,0.0683116763830185,0.2038334757089615,0.9913729230562845,0.9823215007781982,0.9976707696914673,0.013725836761295795,0.012433820404112339,0.015093390829861164,0.9999077916145325,0.9998902082443237,0.9999228119850159,0.020023052270213764,0.008340427652001381,0.04267635568976402,0.01411221424738566,0.003430187702178955,0.03413891792297363,3.130537509918213,2.951103687286377,3.2320337295532227,0.0003636711335275322,0.0002977296244353056,0.0004144724225625396,0.0014467115979641676,0.0011835142504423857,0.001647107768803835,True,False
7,0.03,0.2660523404677709,0.14715217053890228,0.39048638939857483,0.1147037148475647,0.06270724534988403,0.17718932032585144,0.9930063287417094,0.9848491549491882,0.9981645941734314,0.10458906988302867,0.0517166405916214,0.16979250311851501,0.9934941331545512,0.9859218597412109,0.998731255531311,0.02029489042858283,0.018864409998059273,0.022979754954576492,0.9997956355412801,0.9997366666793823,0.9998253583908081,0.010284501283119122,-0.004258297849446535,0.027152791619300842,0.004960318406422933,-0.004001200199127197,0.014910995960235596,3.086820920308431,2.961808919906616,3.2139782905578613,0.000368709210306406,0.0003006868064403534,0.00042066798778250813,0.0014667845098301768,0.0011951933847740293,0.0016721478896215558,True,False
8,0.03,0.2599743405977885,0.14229825139045715,0.3588967025279999,0.11003042384982109,0.06078115478157997,0.15721456706523895,0.9937885999679565,0.9884941577911377,0.9985938668251038,0.11083263407150905,0.06627494841814041,0.1704874336719513,0.9937795599301656,0.9879903793334961,0.9978582859039307,0.019160039412478607,0.01521103922277689,0.02231386862695217,0.9998252789179484,0.9997590184211731,0.9998857975006104,0.023891232907772064,0.015925470739603043,0.0333443358540535,0.017370839913686115,0.011384129524230957,0.02613586187362671,3.1253130435943604,2.9525201320648193,3.2161176204681396,0.00036288221599534154,0.0003025731712114066,0.00041764695197343826,0.0014435103706394632,0.0012028170749545097,0.0016594582702964544,True,False
9,0.03,0.26667075355847675,0.15238699316978455,0.3809542953968048,0.11418806264797847,0.06535623967647552,0.1717156320810318,0.9928414225578308,0.9858620166778564,0.9981528520584106,0.09906687587499619,0.07297512143850327,0.13283461332321167,0.9949056307474772,0.9914143085479736,0.9974056482315063,0.023161569299797218,0.01416828390210867,0.030106788501143456,0.9997265140215555,0.9995943307876587,0.999901533126831,0.02487463690340519,0.011020617559552193,0.04773338884115219,0.01849450667699178,0.007411003112792969,0.03595244884490967,3.1318199634552,2.9614944458007812,3.2978875637054443,0.0003854414486947159,0.00030272084404714406,0.00046346866292878985,0.0015331505953023832,0.0012034073006361723,0.0018415625672787428,True,False
10,0.03,0.2517925997575124,0.213986337184906,0.31049734354019165,0.10771130522092183,0.0902816653251648,0.14090342819690704,0.9946551124254862,0.9916037917137146,0.9964368939399719,0.0977680856982867,0.07912109792232513,0.1117689460515976,0.9954329331715902,0.9937730431556702,0.9970449805259705,0.013211676850914955,0.01202366966754198,0.015161105431616306,0.9999122619628906,0.9998859167098999,0.99992835521698,-5.1087544610102974e-05,-0.00649693189188838,0.00822259858250618,-0.0015671253204345703,-0.00720059871673584,0.005529463291168213,3.1264243125915527,2.9555253982543945,3.342966079711914,0.00036745931720361114,0.00031093740835785866,0.00040643682586960495,0.001461638215308388,0.001235859701409936,0.0016148622380569577,True,False
11,0.03,0.3390890558560689,0.22668638825416565,0.4762090742588043,0.14563355346520743,0.09749481081962585,0.21508310735225677,0.9884885350863138,0.9770107865333557,0.995957612991333,0.13452760875225067,0.06530103832483292,0.220624640583992,0.9889142314592997,0.9756874442100525,0.9979528784751892,0.02259325049817562,0.01983724720776081,0.027666112408041954,0.9997423887252808,0.9996181130409241,0.9998121857643127,0.01446826026464502,0.006750504020601511,0.02662450447678566,0.010343770186106363,0.002812981605529785,0.02272707223892212,3.132192293802897,2.9620563983917236,3.289881944656372,0.00038558706485976774,0.00030757178319618106,0.0004594778874889016,0.0015337609608347218,0.0012225423706695437,0.0018261021468788385,True,False
12,0.03,0.3717186550299327,0.2713753879070282,0.5023248195648193,0.1637166142463684,0.11703614890575409,0.2360946536064148,0.9882695078849792,0.9779723286628723,0.9940613508224487,0.13596579680840173,0.1032784953713417,0.1755456179380417,0.9909811615943909,0.9858711957931519,0.9948857426643372,0.021623165036241215,0.019518036395311356,0.023103933781385422,0.999775250752767,0.9997453093528748,0.9998148679733276,0.017906223734219868,-0.0021859854459762573,0.027961477637290955,0.011450688044230143,-0.0020490288734436035,0.018973350524902344,3.0343008041381836,2.960928201675415,3.180816411972046,0.00036698543893483776,0.0003184237575624138,0.0004152384935878217,0.0014597245026379824,0.001265399158000946,0.0016499683260917664,True,False
0,0.1,0.7154060403505961,0.5817115902900696,0.8054674863815308,0.2723989139000575,0.22838501632213593,0.3178948760032654,0.985650916894277,0.9817127585411072,0.9885796308517456,0.2517516016960144,0.1787431240081787,0.29929742217063904,0.9747129281361898,0.9651156067848206,0.9883312582969666,0.014014842920005322,0.009925143793225288,0.020319275557994843,0.9999081492424011,0.9998396039009094,0.9999514818191528,0.061721195777257286,0.04795679450035095,0.0690041109919548,0.04678314924240112,0.038265764713287354,0.05296880006790161,3.437292496363322,3.222029447555542,3.636629343032837,0.0038493397490431867,0.003121005604043603,0.00423239404335618,0.014857603547473749,0.012173115275800228,0.0162531528621912,True,False
1,0.1,0.32887938618659973,0.18862423300743103,0.5308740735054016,0.1351327250401179,0.07846255600452423,0.2236579954624176,0.9911306103070577,0.9799925684928894,0.9978142976760864,0.16686342159907022,0.12808683514595032,0.23345503211021423,0.9873943130175272,0.9740130305290222,0.9949254393577576,0.017339407776792843,0.014754659496247768,0.022343864664435387,0.99984739224116,0.9997610449790955,0.9998921155929565,0.014491092724104723,-0.01591332256793976,0.05047018453478813,0.005913257598876953,-0.019797861576080322,0.03506636619567871,3.163337230682373,2.9893674850463867,3.307499408721924,0.003712885702649752,0.0030937185510993004,0.004043574444949627,0.014350412413477898,0.012055069208145142,0.01557244174182415,True,False
2,0.1,0.28768910467624664,0.23134487867355347,0.38901546597480774,0.12143176048994064,0.09128522872924805,0.17089837789535522,0.9921259681383768,0.9856172800064087,0.995887041091919,0.10565056403477986,0.07257567346096039,0.14178478717803955,0.994027316570282,0.9899511933326721,0.997393012046814,0.017507971885303657,0.013051704503595829,0.022481361404061317,0.9998406569163004,0.9997477531433105,0.9999171495437622,0.03644285102685293,0.030167803168296814,0.04053892195224762,0.025549511114756267,0.01956874132156372,0.030582964420318604,3.1155459880828857,2.9413352012634277,3.260073661804199,0.003924218084042271,0.003065278986468911,0.004607276991009712,0.015140144775311152,0.011948900297284126,0.01767692156136036,True,False
3,0.1,0.27282343804836273,0.21055884659290314,0.3527565598487854,0.11608621726433437,0.08881831914186478,0.15855246782302856,0.9930271506309509,0.9879060983657837,0.9960986375808716,0.11953225980202357,0.07631140202283859,0.17964965105056763,0.9919289350509644,0.9838852882385254,0.997100830078125,0.01813770489146312,0.015135749243199825,0.02065017819404602,0.999835193157196,0.9997926950454712,0.9998858571052551,0.044556366900602974,0.023701271042227745,0.08470836281776428,0.031397064526875816,0.014221489429473877,0.06111842393875122,3.074748913447062,2.955033540725708,3.245100975036621,0.0038435347378253937,0.0031929435208439827,0.0041868556290864944,0.014850750875969728,0.012418176047503948,0.016122236847877502,True,False
4,0.1,0.2651125341653824,0.19910769164562225,0.3332420289516449,0.11143580575784047,0.08408953249454498,0.1469428837299347,0.9934747815132141,0.989271342754364,0.9964766502380371,0.11707522223393123,0.07697131484746933,0.16250444948673248,0.9928479790687561,0.9872972965240479,0.9970386624336243,0.01640459739913543,0.010816235095262527,0.024586310610175133,0.999854584534963,0.9997116327285767,0.999945878982544,0.03660316330691179,0.010690214112401009,0.061854287981987,0.02480671803156535,0.008289039134979248,0.04412102699279785,3.136796236038208,2.9440836906433105,3.3023014068603516,0.004029717839633425,0.003179889405146241,0.004685379099100828,0.01552586474766334,0.012374079786241055,0.01796155795454979,True,False
5,0.1,0.2694570968548457,0.16425342857837677,0.37466421723365784,0.11535124977429707,0.06960073113441467,0.1708352416753769,0.9931488037109375,0.9874138236045837,0.9975994825363159,0.11073252807060878,0.06410432606935501,0.16572202742099762,0.9933284322420756,0.9868812561035156,0.9979487061500549,0.016634949172536533,0.016306351870298386,0.016814304515719414,0.9998634854952494,0.9998587369918823,0.9998703598976135,0.037948716431856155,0.024442855268716812,0.06264359503984451,0.027578274408976238,0.016187965869903564,0.04658663272857666,3.0976582368214927,2.9560816287994385,3.3352062702178955,0.004003292492901285,0.0032621559221297503,0.004393913317471743,0.015445464290678501,0.012674414552748203,0.016889607533812523,True,False
6,0.1,0.2413515398899714,0.14250661432743073,0.31311771273612976,0.10147641971707344,0.06058685854077339,0.13595615327358246,0.9947956204414368,0.9910147190093994,0.9983190894126892,0.12703092892964682,0.06809311360120773,0.20347186923027039,0.9914061625798544,0.9823793768882751,0.9976856708526611,0.01365804672241211,0.01239092368632555,0.014988179318606853,0.9999086062113444,0.9998915791511536,0.9999233484268188,0.020045530050992966,0.008310004137456417,0.04284799098968506,0.014092723528544107,0.003397524356842041,0.03417384624481201,3.123138427734375,2.9455268383026123,3.2239797115325928,0.0039978004060685635,0.003273750189691782,0.004548973869532347,0.015419471077620983,0.012721939943730831,0.017469311133027077,True,False
7,0.1,0.2652587691942851,0.14659827947616577,0.3895082175731659,0.1144444818298022,0.06251551955938339,0.17685432732105255,0.9930372436841329,0.9849072694778442,0.9981763958930969,0.10427821303407352,0.05153096094727516,0.16925974190235138,0.9935325384140015,0.9860079884529114,0.9987401962280273,0.02022555408378442,0.01879999227821827,0.022894883528351784,0.9997970660527548,0.9997384548187256,0.9998267292976379,0.010287679421404997,-0.004225733689963818,0.027130719274282455,0.004953861236572266,-0.003951847553253174,0.014854609966278076,3.079554478327433,2.9561266899108887,3.205807685852051,0.004052406099314491,0.0033058396074920893,0.004618050996214151,0.015618443489074707,0.012842169031500816,0.017749756574630737,True,False
8,0.1,0.25888444979985553,0.141810804605484,0.3569582402706146,0.10965751732389133,0.06061635538935661,0.1565043181180954,0.9938309788703918,0.9885839819908142,0.9986032843589783,0.11046695212523143,0.06605404615402222,0.1697816699743271,0.993818203608195,0.9880750179290771,0.9978722929954529,0.019086416500310104,0.015152732841670513,0.022237712517380714,0.9998265902201334,0.9997606873512268,0.9998868107795715,0.023876731594403584,0.01590852439403534,0.03329148516058922,0.017319480578104656,0.011347293853759766,0.026025831699371338,3.1176750659942627,2.946805000305176,3.206892728805542,0.003988975503792365,0.0033269072882831097,0.004582289606332779,0.015378965375324091,0.012923629023134708,0.017569079995155334,True,False
9,0.1,0.26593410472075146,0.15170066058635712,0.38021954894065857,0.11396380762259166,0.06510704755783081,0.17150861024856567,0.9928658405939738,0.9858952164649963,0.9981691241264343,0.09886363397041957,0.07276609539985657,0.13264715671539307,0.9949243863423666,0.9914377331733704,0.997420072555542,0.023078811665376026,0.014090819284319878,0.029982538893818855,0.9997284412384033,0.9995978474617004,0.9999026656150818,0.024985304723183315,0.011140793561935425,0.047910794615745544,0.018509189287821453,0.0074607133865356445,0.03595501184463501,3.1240292390187583,2.9557409286499023,3.2891969680786133,0.0042339965390662355,0.0033286777324974537,0.005079190246760845,0.016276674655576546,0.01293222140520811,0.01938265562057495,True,False
10,0.1,0.2510289251804352,0.21339771151542664,0.30981558561325073,0.10747431466976802,0.08996378630399704,0.14069679379463196,0.9946832855542501,0.9916418790817261,0.996454656124115,0.09751807649930318,0.0788884088397026,0.11156564205884933,0.9954559803009033,0.9937964677810669,0.9970625042915344,0.013154420380791029,0.011992774903774261,0.015082556754350662,0.9999129970868429,0.9998870491981506,0.9999286532402039,-3.441702574491501e-05,-0.006499121896922588,0.00832944642752409,-0.0015492836634318035,-0.007193207740783691,0.005605459213256836,3.1187757651011148,2.949580669403076,3.334221601486206,0.00403862982057035,0.0034177761990576982,0.004458801820874214,0.015566636497775713,0.013262644410133362,0.017108969390392303,True,False
11,0.1,0.33793697754542035,0.22578635811805725,0.47484371066093445,0.14524860928455988,0.09717727452516556,0.21461521089076996,0.9885476430257162,0.9771155714988708,0.9959878921508789,0.13425186773141226,0.06512308120727539,0.22022512555122375,0.988956868648529,0.9757748246192932,0.9979634284973145,0.022511875877777737,0.019751079380512238,0.027559420093894005,0.9997442762056986,0.9996212720870972,0.9998137354850769,0.014558187996347746,0.006832440383732319,0.026795171201229095,0.010389089584350586,0.0028913021087646484,0.022791802883148193,3.1245444615681968,2.956148147583008,3.2817623615264893,0.00423581440312167,0.003381469054147601,0.0050382185727357864,0.01629166305065155,0.013133935630321503,0.01925445720553398,True,False
12,0.1,0.3704989453156789,0.2705884575843811,0.5007450580596924,0.16330518821875253,0.1167851984500885,0.23551815748214722,0.9883362849553426,0.9780997633934021,0.9940916299819946,0.1356046497821808,0.10302877426147461,0.175120547413826,0.9910325407981873,0.9859510064125061,0.9949101805686951,0.021527220805486042,0.019405780360102654,0.0229924526065588,0.999777356783549,0.9997478127479553,0.9998171925544739,0.01788932830095291,-0.002155192196369171,0.027924662455916405,0.011410772800445557,-0.0020302534103393555,0.018916845321655273,3.0270896752675376,2.9530811309814453,3.1732125282287598,0.004033253683398168,0.0034993099980056286,0.004555471241474152,0.015547412447631359,0.01357079017907381,0.017470935359597206,True,False
0,0.3,0.6972177227338155,0.5706890821456909,0.7837772965431213,0.2677214692036311,0.22571836411952972,0.3118286728858948,0.9862444202105204,0.9826518893241882,0.9888179302215576,0.24691682557264963,0.1749746948480606,0.29242753982543945,0.9755764404932658,0.9664872288703918,0.9887878894805908,0.013501747200886408,0.009617345407605171,0.019578298553824425,0.9999147852261862,0.9998511075973511,0.9999547004699707,0.062446647634108864,0.04887760803103447,0.06931598484516144,0.04605982700983683,0.03744608163833618,0.05211549997329712,3.370677630106608,3.170940637588501,3.557743549346924,0.032283260176579155,0.02674892544746399,0.0351441465318203,0.10093697160482407,0.08851993083953857,0.10745647549629211,False,False
1,0.3,0.32217203080654144,0.18421752750873566,0.5201911330223083,0.13325338313976923,0.07710889726877213,0.2205459326505661,0.9914287130037943,0.9806726574897766,0.9979157447814941,0.16385113696257272,0.12562574446201324,0.2302607297897339,0.9877950151761373,0.9746813774108887,0.9951645731925964,0.016797466514011223,0.014300495386123657,0.02174980752170086,0.9998566508293152,0.9997737407684326,0.9998983144760132,0.01404505098859469,-0.016516853123903275,0.0502440482378006,0.0054381489753723145,-0.019878089427947998,0.033988356590270996,3.1070749759674072,2.9447245597839355,3.2421963214874268,0.031207745273907978,0.026437804102897644,0.03371183201670647,0.09877551843722661,0.08732778578996658,0.10472404956817627,False,False
2,0.3,0.2799432724714279,0.22552211582660675,0.37842679023742676,0.11890822649002075,0.08963502198457718,0.16721412539482117,0.9924694498380026,0.9862773418426514,0.9960293769836426,0.10353564222653706,0.0716283768415451,0.13831660151481628,0.99427729845047,0.9904346466064453,0.9974634647369385,0.016929224443932373,0.012667669914662838,0.02148754708468914,0.9998512864112854,0.9997693300247192,0.9999215006828308,0.03602601960301399,0.029390819370746613,0.040292736142873764,0.024785300095876057,0.01865863800048828,0.029842138290405273,3.0580453872680664,2.897559642791748,3.1941325664520264,0.032860614359378815,0.02621762454509735,0.03811120614409447,0.10296856115261714,0.08673211187124252,0.11592581868171692,False,False
3,0.3,0.2669694821039836,0.2061275988817215,0.34482669830322266,0.11430502186218898,0.08749338239431381,0.1558493971824646,0.9932366013526917,0.9882937669754028,0.9962155222892761,0.11721320450305939,0.07485438883304596,0.17598295211791992,0.9922402501106262,0.9845328330993652,0.9972094297409058,0.01739514370759328,0.01462491974234581,0.01958359219133854,0.9998485644658407,0.9998136162757874,0.9998931884765625,0.044372947265704475,0.02334681525826454,0.08457536995410919,0.030706624190012615,0.013718783855438232,0.05996173620223999,3.018345912297567,2.909552574157715,3.1782641410827637,0.03228781993190447,0.027168430387973785,0.03496025875210762,0.10160451382398605,0.08873475342988968,0.10809557884931564,False,False
4,0.3,0.2574174056450526,0.19295258820056915,0.3254215717315674,0.1089363768696785,0.082016222178936,0.14435496926307678,0.9937589168548584,0.9896648526191711,0.9966464638710022,0.1145521029829979,0.07531988620758057,0.15911126136779785,0.9931681752204895,0.9878512024879456,0.9971645474433899,0.01592506126811107,0.010448828339576721,0.02385246567428112,0.9998627305030823,0.9997276663780212,0.9999493956565857,0.036956191062927246,0.011063966900110245,0.0629553496837616,0.024612585703531902,0.008402228355407715,0.044051170349121094,3.077360153198242,2.8990557193756104,3.234426736831665,0.03365559130907059,0.02709401398897171,0.038707051426172256,0.10474998503923416,0.08875414729118347,0.1169297844171524,False,False
5,0.3,0.2633928209543228,0.16043581068515778,0.36770424246788025,0.11349302530288696,0.06841127574443817,0.16856251657009125,0.9933412075042725,0.9876899123191833,0.9976804852485657,0.10860426475604375,0.06301677227020264,0.16264548897743225,0.9935704072316488,0.9873203635215759,0.9980180859565735,0.01599760229388873,0.015714820474386215,0.016433916985988617,0.9998735388120016,0.9998672604560852,0.9998788237571716,0.037771265332897506,0.024131614714860916,0.06220883131027222,0.027081350485483806,0.015713930130004883,0.045686185359954834,3.0387495358784995,2.909564733505249,3.2636454105377197,0.03352697752416134,0.02769661508500576,0.03655966371297836,0.10474206258853276,0.08998704701662064,0.1121843010187149,False,False
6,0.3,0.23459590474764505,0.13815534114837646,0.30418747663497925,0.09931161999702454,0.05911027640104294,0.13300594687461853,0.9950090448061625,0.9913879036903381,0.9984014630317688,0.12468393395344417,0.06623823195695877,0.20045775175094604,0.9916828870773315,0.982859194278717,0.9978095889091492,0.013116578261057535,0.012038545683026314,0.014177128672599792,0.9999154210090637,0.9999024271965027,0.9999276399612427,0.020198024809360504,0.008124809712171555,0.04411984980106354,0.013930102189381918,0.0031853318214416504,0.03440898656845093,3.0624749660491943,2.8991353511810303,3.1580464839935303,0.03349104089041551,0.027812642976641655,0.03779101371765137,0.10471054911613464,0.09035632014274597,0.11526593565940857,False,False
7,0.3,0.2585603594779968,0.142020583152771,0.3811384439468384,0.11226041615009308,0.060941800475120544,0.17398221790790558,0.9932946364084879,0.985399603843689,0.9982718825340271,0.10172833626468976,0.05001717433333397,0.1648695468902588,0.9938420454661051,0.9867050051689148,0.9988110661506653,0.019657184059421223,0.01827320083975792,0.02219579927623272,0.9998085101445516,0.9997545480728149,0.999836266040802,0.01027710766841968,-0.004009498283267021,0.026889417320489883,0.004863182703653972,-0.0036140084266662598,0.014336645603179932,3.020114024480184,2.908797264099121,3.1392531394958496,0.03387245908379555,0.028061512857675552,0.03837902098894119,0.10548366109530131,0.09101244807243347,0.11711977422237396,False,False
8,0.3,0.24974520007769266,0.13771158456802368,0.34079185128211975,0.10653033976753552,0.05923556163907051,0.15056782960891724,0.9941823681195577,0.9893300533294678,0.9986808896064758,0.10744480540355046,0.06421888619661331,0.1640174686908722,0.9941318233807882,0.9887552857398987,0.9979878664016724,0.018477531460424263,0.014670918695628643,0.02160174772143364,0.9998370409011841,0.9997736215591431,0.9998941421508789,0.023741445193688076,0.01574462652206421,0.032860420644283295,0.01690421501795451,0.01104193925857544,0.025144100189208984,3.0551653703053794,2.8992223739624023,3.134125232696533,0.03340834813813368,0.028251418843865395,0.037983134388923645,0.10420486082633336,0.09171042591333389,0.11493998020887375,False,False
9,0.3,0.25963062544663745,0.14603139460086823,0.37364497780799866,0.11203501125176747,0.06305810809135437,0.16959929466247559,0.9930774768193563,0.9861993789672852,0.9983032941818237,0.09713662415742874,0.07102199643850327,0.13093307614326477,0.9950845638910929,0.9916512370109558,0.9975387454032898,0.022410369167725246,0.013513043522834778,0.028948767110705376,0.9997433622678121,0.9996250867843628,0.9999099969863892,0.025760112951199215,0.011968119069933891,0.04920143634080887,0.018543938795725506,0.007765054702758789,0.03588312864303589,3.0606045722961426,2.9077303409576416,3.2183308601379395,0.03521937628587087,0.02827398106455803,0.04159247502684593,0.10832833747069041,0.09180780500173569,0.1230577751994133,False,False
10,0.3,0.24455599983533224,0.20839589834213257,0.3038807809352875,0.10546402136484782,0.08732815831899643,0.1388826221227646,0.9949192404747009,0.9919677376747131,0.9966027140617371,0.09540017942587535,0.0769314244389534,0.1098051592707634,0.9956487417221069,0.9939983487129211,0.9972058534622192,0.012737388101716837,0.011759948916733265,0.014529219828546047,0.9999186197916666,0.9998955726623535,0.9999313354492188,9.869365021586418e-05,-0.006556177511811256,0.009185243397951126,-0.0014125704765319824,-0.007147073745727539,0.006179690361022949,3.056055466334025,2.900216817855835,3.262610912322998,0.0337991900742054,0.028961684554815292,0.036981720477342606,0.10554503897825877,0.0934363603591919,0.11319807171821594,False,False
11,0.3,0.32842651506265,0.2183120995759964,0.4633270800113678,0.142093226313591,0.09455323964357376,0.2106838822364807,0.9890321095784506,0.9779902100563049,0.9962355494499207,0.13194218774636587,0.06367001682519913,0.21674464643001556,0.989315907160441,0.9765287041664124,0.9980484247207642,0.021830433358748753,0.01903361827135086,0.026640016585588455,0.9997594952583313,0.9996469020843506,0.999826192855835,0.015230786520987749,0.007425005082041025,0.028097350150346756,0.010710457960764566,0.0034788846969604492,0.023225843906402588,3.0618844032287598,2.906860828399658,3.215160846710205,0.035266599307457604,0.028718598186969757,0.04139639809727669,0.10894990464051564,0.09315600991249084,0.12323770672082901,False,False
12,0.3,0.36023829380671185,0.263910710811615,0.48731276392936707,0.15984048694372177,0.11465729027986526,0.2305903285741806,0.988891621430715,0.9791680574417114,0.994343638420105,0.13260804365078607,0.10090754181146622,0.17156560719013214,0.9914519985516866,0.9866055846214294,0.995115339756012,0.020741811643044155,0.018461482599377632,0.022120874375104904,0.999793291091919,0.9997658133506775,0.9998351335525513,0.01767818971226613,-0.001958821900188923,0.02773316577076912,0.011050005753835043,-0.0019135475158691406,0.0184287428855896,2.968085527420044,2.889826774597168,3.1106491088867188,0.03373599176605543,0.029620185494422913,0.03770667687058449,0.10510821640491486,0.09498849511146545,0.11435328423976898,False,False
